page,breakpoint,component,itemIndex,property,expected,beforeActual,afterActual,beforeDiff,afterDiff,status,probableCss
detalhe-anuncio.html,608x926,section-header/workers-relacionados,0,box.height,46,32,46,-14,0,fixed,assets/css/components/sections/section-header-canonical-contract.css; assets/css/components/layout/focused-index-parity-contract.css
detalhe-anuncio.html,608x926,section-header/workers-relacionados,0,gap,18,10,18,-8,0,fixed,assets/css/components/sections/section-header-canonical-contract.css; assets/css/components/layout/focused-index-parity-contract.css
detalhe-anuncio.html,608x926,section-header/publicacoes-anuncio,0,box.height,48,32,48,-16,0,fixed,assets/css/components/sections/section-header-canonical-contract.css; assets/css/components/layout/focused-index-parity-contract.css
detalhe-anuncio.html,608x926,section-header/publicacoes-anuncio,0,gap,16,10,16,-6,0,fixed,assets/css/components/sections/section-header-canonical-contract.css; assets/css/components/layout/focused-index-parity-contract.css
detalhe-anuncio.html,608x926,section-header/anuncios-semelhantes,0,box.height,46,32,46,-14,0,fixed,assets/css/components/sections/section-header-canonical-contract.css; assets/css/components/layout/focused-index-parity-contract.css
detalhe-anuncio.html,608x926,section-header/anuncios-semelhantes,0,gap,18,10,18,-8,0,fixed,assets/css/components/sections/section-header-canonical-contract.css; assets/css/components/layout/focused-index-parity-contract.css
detalhe-anuncio.html,608x926,doke-ad-card/similar,0,box.width,278,572,278,294,0,fixed,assets/css/components/cards/ad-card.css; assets/css/components/layout/focused-index-parity-contract.css
detalhe-anuncio.html,608x926,doke-ad-card/similar,0,box.height,262.88,564.47,262.88,301.59,0,fixed,assets/css/components/cards/ad-card.css; assets/css/components/layout/focused-index-parity-contract.css
detalhe-anuncio.html,608x926,doke-ad-card/similar,0,media.height,104,178,104,74,0,fixed,assets/css/components/cards/ad-card.css; assets/css/components/layout/focused-index-parity-contract.css
detalhe-anuncio.html,608x926,doke-ad-card/similar,0,radius,24,16,24,-8,0,fixed,assets/css/components/cards/ad-card.css; assets/css/components/layout/focused-index-parity-contract.css
detalhe-anuncio.html,608x926,doke-ad-card/similar,1,rel.x,292,586,292,294,0,fixed,assets/css/components/cards/ad-card.css; assets/css/components/layout/focused-index-parity-contract.css
detalhe-anuncio.html,608x926,doke-ad-card/similar,1,box.width,278,572,278,294,0,fixed,assets/css/components/cards/ad-card.css; assets/css/components/layout/focused-index-parity-contract.css
detalhe-anuncio.html,608x926,doke-ad-card/similar,1,box.height,262.88,570.47,262.88,307.59,0,fixed,assets/css/components/cards/ad-card.css; assets/css/components/layout/focused-index-parity-contract.css
detalhe-anuncio.html,608x926,doke-ad-card/similar,1,media.height,104,178,104,74,0,fixed,assets/css/components/cards/ad-card.css; assets/css/components/layout/focused-index-parity-contract.css
detalhe-anuncio.html,608x926,doke-ad-card/similar,1,radius,24,16,24,-8,0,fixed,assets/css/components/cards/ad-card.css; assets/css/components/layout/focused-index-parity-contract.css
detalhe-anuncio.html,608x926,doke-ad-card/similar,2,rel.x,584,1172,584,588,0,fixed,assets/css/components/cards/ad-card.css; assets/css/components/layout/focused-index-parity-contract.css
detalhe-anuncio.html,608x926,doke-ad-card/similar,2,box.width,278,572,278,294,0,fixed,assets/css/components/cards/ad-card.css; assets/css/components/layout/focused-index-parity-contract.css
detalhe-anuncio.html,608x926,doke-ad-card/similar,2,box.height,262.88,570.47,262.88,307.59,0,fixed,assets/css/components/cards/ad-card.css; assets/css/components/layout/focused-index-parity-contract.css
detalhe-anuncio.html,608x926,doke-ad-card/similar,2,media.height,104,178,104,74,0,fixed,assets/css/components/cards/ad-card.css; assets/css/components/layout/focused-index-parity-contract.css
detalhe-anuncio.html,608x926,doke-ad-card/similar,2,radius,24,16,24,-8,0,fixed,assets/css/components/cards/ad-card.css; assets/css/components/layout/focused-index-parity-contract.css
detalhe-anuncio.html,608x926,publication-card/relacionada,0,box.width,272,572,272,300,0,fixed,assets/css/components/cards/publication-card.css; assets/css/components/layout/focused-index-parity-contract.css
detalhe-anuncio.html,608x926,publication-card/relacionada,0,box.height,308,330,308,22,0,fixed,assets/css/components/cards/publication-card.css; assets/css/components/layout/focused-index-parity-contract.css
detalhe-anuncio.html,608x926,publication-card/relacionada,1,rel.x,290,293,290,3,0,fixed,assets/css/components/cards/publication-card.css; assets/css/components/layout/focused-index-parity-contract.css
detalhe-anuncio.html,608x926,publication-card/relacionada,1,box.width,272,572,272,300,0,fixed,assets/css/components/cards/publication-card.css; assets/css/components/layout/focused-index-parity-contract.css
detalhe-anuncio.html,608x926,publication-card/relacionada,1,box.height,308,330,308,22,0,fixed,assets/css/components/cards/publication-card.css; assets/css/components/layout/focused-index-parity-contract.css
detalhe-anuncio.html,608x926,publication-card/relacionada,2,rel.x,580,0,580,-580,0,fixed,assets/css/components/cards/publication-card.css; assets/css/components/layout/focused-index-parity-contract.css
detalhe-anuncio.html,608x926,publication-card/relacionada,2,box.width,272,572,272,300,0,fixed,assets/css/components/cards/publication-card.css; assets/css/components/layout/focused-index-parity-contract.css
detalhe-anuncio.html,608x926,publication-card/relacionada,2,box.height,308,330,308,22,0,fixed,assets/css/components/cards/publication-card.css; assets/css/components/layout/focused-index-parity-contract.css
detalhe-anuncio.html,608x926,worker-video-card/relacionado,1,rel.x,0,586,0,586,0,fixed,assets/css/components/cards/worker-card.css; assets/css/components/layout/focused-index-parity-contract.css
detalhe-anuncio.html,608x926,worker-video-card/relacionado,2,rel.x,0,1172,0,1172,0,fixed,assets/css/components/cards/worker-card.css; assets/css/components/layout/focused-index-parity-contract.css
detalhe-anuncio.html,608x926,worker-video-card/relacionado,3,rel.x,0,1758,0,1758,0,fixed,assets/css/components/cards/worker-card.css; assets/css/components/layout/focused-index-parity-contract.css
perfil.html,608x926,header/location-pill,0,fontSize,13.33,16,13.33,2.67,0,fixed,assets/css/components/shell/app-header-canonical-contract.css; assets/css/components/layout/focused-index-parity-contract.css
perfil.html,608x926,header/location-pill,0,lineHeight,15.33,18.4,15.33,3.07,0,fixed,assets/css/components/shell/app-header-canonical-contract.css; assets/css/components/layout/focused-index-parity-contract.css
perfil.html,608x926,header/profile-pill,0,fontSize,13.33,16,13.33,2.67,0,fixed,assets/css/components/shell/app-header-canonical-contract.css; assets/css/components/layout/focused-index-parity-contract.css
perfil.html,608x926,header/profile-pill,0,lineHeight,13.33,16,13.33,2.67,0,fixed,assets/css/components/shell/app-header-canonical-contract.css; assets/css/components/layout/focused-index-parity-contract.css
perfil.html,608x926,container/profile-shell-content,0,box.x,18,10.5,18,-7.5,0,fixed,assets/css/components/shell/shared-page-width-contract.css; assets/css/components/layout/focused-index-parity-contract.css
detalhe-anuncio.html,810x1080,header/app-header,0,box.x,0,280,0,280,0,fixed,assets/css/components/shell/app-header-canonical-contract.css; assets/css/components/layout/focused-index-parity-contract.css
detalhe-anuncio.html,810x1080,header/app-header,0,box.width,810,530,810,-280,0,fixed,assets/css/components/shell/app-header-canonical-contract.css; assets/css/components/layout/focused-index-parity-contract.css
detalhe-anuncio.html,810x1080,header/app-header,0,padding.right,0,24,0,24,0,fixed,assets/css/components/shell/app-header-canonical-contract.css; assets/css/components/layout/focused-index-parity-contract.css
detalhe-anuncio.html,810x1080,header/app-header,0,padding.bottom,10,28,10,18,0,fixed,assets/css/components/shell/app-header-canonical-contract.css; assets/css/components/layout/focused-index-parity-contract.css
detalhe-anuncio.html,810x1080,header/app-header,0,padding.left,0,24,0,24,0,fixed,assets/css/components/shell/app-header-canonical-contract.css; assets/css/components/layout/focused-index-parity-contract.css
detalhe-anuncio.html,810x1080,header/app-header__inner,0,box.x,24.3,304,24.3,279.7,0,fixed,assets/css/components/shell/app-header-canonical-contract.css; assets/css/components/layout/focused-index-parity-contract.css
detalhe-anuncio.html,810x1080,header/location-pill,0,box.x,82.3,366,82.3,283.7,0,fixed,assets/css/components/shell/app-header-canonical-contract.css; assets/css/components/layout/focused-index-parity-contract.css
detalhe-anuncio.html,810x1080,header/location-pill,0,padding.left,14,18,14,4,0,fixed,assets/css/components/shell/app-header-canonical-contract.css; assets/css/components/layout/focused-index-parity-contract.css
detalhe-anuncio.html,810x1080,header/location-pill,0,padding.right,14,18,14,4,0,fixed,assets/css/components/shell/app-header-canonical-contract.css; assets/css/components/layout/focused-index-parity-contract.css
detalhe-anuncio.html,810x1080,header/profile-pill,0,box.x,652.42,930,652.42,277.58,0,fixed,assets/css/components/shell/app-header-canonical-contract.css; assets/css/components/layout/focused-index-parity-contract.css
detalhe-anuncio.html,810x1080,header/profile-pill,0,box.width,133.27,136,133.27,2.73,0,fixed,assets/css/components/shell/app-header-canonical-contract.css; assets/css/components/layout/focused-index-parity-contract.css
detalhe-anuncio.html,810x1080,container/ad-detail-shell,0,box.x,164.3,304.3,164.3,140,0,fixed,assets/css/components/shell/shared-page-width-contract.css; assets/css/components/layout/focused-index-parity-contract.css
detalhe-anuncio.html,810x1080,section-header/workers-relacionados,0,box.x,164.3,304.3,164.3,140,0,fixed,assets/css/components/sections/section-header-canonical-contract.css; assets/css/components/layout/focused-index-parity-contract.css
detalhe-anuncio.html,810x1080,section-header/workers-relacionados,0,box.height,48,32,48,-16,0,fixed,assets/css/components/sections/section-header-canonical-contract.css; assets/css/components/layout/focused-index-parity-contract.css
detalhe-anuncio.html,810x1080,section-header/workers-relacionados,0,gap,18,11.34,18,-6.66,0,fixed,assets/css/components/sections/section-header-canonical-contract.css; assets/css/components/layout/focused-index-parity-contract.css
detalhe-anuncio.html,810x1080,section-header/publicacoes-anuncio,0,box.x,164.3,304.3,164.3,140,0,fixed,assets/css/components/sections/section-header-canonical-contract.css; assets/css/components/layout/focused-index-parity-contract.css
detalhe-anuncio.html,810x1080,section-header/publicacoes-anuncio,0,box.height,48,32,48,-16,0,fixed,assets/css/components/sections/section-header-canonical-contract.css; assets/css/components/layout/focused-index-parity-contract.css
detalhe-anuncio.html,810x1080,section-header/publicacoes-anuncio,0,gap,16,11.34,16,-4.66,0,fixed,assets/css/components/sections/section-header-canonical-contract.css; assets/css/components/layout/focused-index-parity-contract.css
detalhe-anuncio.html,810x1080,section-header/anuncios-semelhantes,0,box.x,164.3,304.3,164.3,140,0,fixed,assets/css/components/sections/section-header-canonical-contract.css; assets/css/components/layout/focused-index-parity-contract.css
detalhe-anuncio.html,810x1080,section-header/anuncios-semelhantes,0,box.width,481.39,461.39,481.39,-20,0,fixed,assets/css/components/sections/section-header-canonical-contract.css; assets/css/components/layout/focused-index-parity-contract.css
detalhe-anuncio.html,810x1080,section-header/anuncios-semelhantes,0,box.height,48,36.27,48,-11.73,0,fixed,assets/css/components/sections/section-header-canonical-contract.css; assets/css/components/layout/focused-index-parity-contract.css
detalhe-anuncio.html,810x1080,section-header/anuncios-semelhantes,0,gap,18,11.34,18,-6.66,0,fixed,assets/css/components/sections/section-header-canonical-contract.css; assets/css/components/layout/focused-index-parity-contract.css
detalhe-anuncio.html,810x1080,doke-ad-card/similar,0,box.width,230.78,481.38,230.78,250.6,0,fixed,assets/css/components/cards/ad-card.css; assets/css/components/layout/focused-index-parity-contract.css
detalhe-anuncio.html,810x1080,doke-ad-card/similar,0,box.height,536.3,538.47,536.3,2.17,0,fixed,assets/css/components/cards/ad-card.css; assets/css/components/layout/focused-index-parity-contract.css
detalhe-anuncio.html,810x1080,doke-ad-card/similar,0,media.height,137.69,148,137.69,10.31,0,fixed,assets/css/components/cards/ad-card.css; assets/css/components/layout/focused-index-parity-contract.css
detalhe-anuncio.html,810x1080,doke-ad-card/similar,1,rel.x,248.59,239.69,248.59,-8.9,0,fixed,assets/css/components/cards/ad-card.css; assets/css/components/layout/focused-index-parity-contract.css
detalhe-anuncio.html,810x1080,doke-ad-card/similar,1,box.width,230.78,481.38,230.78,250.6,0,fixed,assets/css/components/cards/ad-card.css; assets/css/components/layout/focused-index-parity-contract.css
detalhe-anuncio.html,810x1080,doke-ad-card/similar,1,box.height,536.3,544.47,536.3,8.17,0,fixed,assets/css/components/cards/ad-card.css; assets/css/components/layout/focused-index-parity-contract.css
detalhe-anuncio.html,810x1080,doke-ad-card/similar,1,media.height,137.69,148,137.69,10.31,0,fixed,assets/css/components/cards/ad-card.css; assets/css/components/layout/focused-index-parity-contract.css
detalhe-anuncio.html,810x1080,doke-ad-card/similar,2,rel.x,497.19,0,497.19,-497.19,0,fixed,assets/css/components/cards/ad-card.css; assets/css/components/layout/focused-index-parity-contract.css
detalhe-anuncio.html,810x1080,doke-ad-card/similar,2,box.width,230.78,481.38,230.78,250.6,0,fixed,assets/css/components/cards/ad-card.css; assets/css/components/layout/focused-index-parity-contract.css
detalhe-anuncio.html,810x1080,doke-ad-card/similar,2,box.height,536.3,577.91,536.3,41.61,0,fixed,assets/css/components/cards/ad-card.css; assets/css/components/layout/focused-index-parity-contract.css
detalhe-anuncio.html,810x1080,doke-ad-card/similar,2,media.height,137.69,148,137.69,10.31,0,fixed,assets/css/components/cards/ad-card.css; assets/css/components/layout/focused-index-parity-contract.css
detalhe-anuncio.html,810x1080,publication-card/relacionada,0,box.width,348.3,345.38,348.3,-2.92,0,fixed,assets/css/components/cards/publication-card.css; assets/css/components/layout/focused-index-parity-contract.css
detalhe-anuncio.html,810x1080,publication-card/relacionada,0,box.height,308,331.3,308,23.3,0,fixed,assets/css/components/cards/publication-card.css; assets/css/components/layout/focused-index-parity-contract.css
detalhe-anuncio.html,810x1080,publication-card/relacionada,0,media.height,164,178,164,14,0,fixed,assets/css/components/cards/publication-card.css; assets/css/components/layout/focused-index-parity-contract.css
detalhe-anuncio.html,810x1080,publication-card/relacionada,1,rel.x,366.3,499.39,366.3,133.09,0,fixed,assets/css/components/cards/publication-card.css; assets/css/components/layout/focused-index-parity-contract.css
detalhe-anuncio.html,810x1080,publication-card/relacionada,1,box.width,348.3,345.38,348.3,-2.92,0,fixed,assets/css/components/cards/publication-card.css; assets/css/components/layout/focused-index-parity-contract.css
detalhe-anuncio.html,810x1080,publication-card/relacionada,1,box.height,308,330,308,22,0,fixed,assets/css/components/cards/publication-card.css; assets/css/components/layout/focused-index-parity-contract.css
detalhe-anuncio.html,810x1080,publication-card/relacionada,1,media.height,164,178,164,14,0,fixed,assets/css/components/cards/publication-card.css; assets/css/components/layout/focused-index-parity-contract.css
detalhe-anuncio.html,810x1080,publication-card/relacionada,2,rel.x,732.59,998.78,732.59,266.19,0,fixed,assets/css/components/cards/publication-card.css; assets/css/components/layout/focused-index-parity-contract.css
detalhe-anuncio.html,810x1080,publication-card/relacionada,2,box.width,348.3,345.38,348.3,-2.92,0,fixed,assets/css/components/cards/publication-card.css; assets/css/components/layout/focused-index-parity-contract.css
detalhe-anuncio.html,810x1080,publication-card/relacionada,2,box.height,308,347.66,308,39.66,0,fixed,assets/css/components/cards/publication-card.css; assets/css/components/layout/focused-index-parity-contract.css
detalhe-anuncio.html,810x1080,publication-card/relacionada,2,media.height,164,178,164,14,0,fixed,assets/css/components/cards/publication-card.css; assets/css/components/layout/focused-index-parity-contract.css
detalhe-anuncio.html,810x1080,worker-video-card/relacionado,0,box.width,106.84,72.86,106.84,-33.98,0,fixed,assets/css/components/cards/worker-card.css; assets/css/components/layout/focused-index-parity-contract.css
detalhe-anuncio.html,810x1080,worker-video-card/relacionado,0,box.height,189.97,129.52,189.97,-60.45,0,fixed,assets/css/components/cards/worker-card.css; assets/css/components/layout/focused-index-parity-contract.css
detalhe-anuncio.html,810x1080,worker-video-card/relacionado,1,box.width,106.84,72.86,106.84,-33.98,0,fixed,assets/css/components/cards/worker-card.css; assets/css/components/layout/focused-index-parity-contract.css
detalhe-anuncio.html,810x1080,worker-video-card/relacionado,1,box.height,189.97,129.52,189.97,-60.45,0,fixed,assets/css/components/cards/worker-card.css; assets/css/components/layout/focused-index-parity-contract.css
detalhe-anuncio.html,810x1080,worker-video-card/relacionado,2,box.width,106.84,72.86,106.84,-33.98,0,fixed,assets/css/components/cards/worker-card.css; assets/css/components/layout/focused-index-parity-contract.css
detalhe-anuncio.html,810x1080,worker-video-card/relacionado,2,box.height,189.97,129.52,189.97,-60.45,0,fixed,assets/css/components/cards/worker-card.css; assets/css/components/layout/focused-index-parity-contract.css
detalhe-anuncio.html,810x1080,worker-video-card/relacionado,3,rel.x,374.53,371.53,374.53,-3,0,fixed,assets/css/components/cards/worker-card.css; assets/css/components/layout/focused-index-parity-contract.css
detalhe-anuncio.html,810x1080,worker-video-card/relacionado,3,box.width,106.86,72.86,106.86,-34,0,fixed,assets/css/components/cards/worker-card.css; assets/css/components/layout/focused-index-parity-contract.css
detalhe-anuncio.html,810x1080,worker-video-card/relacionado,3,box.height,189.97,129.52,189.97,-60.45,0,fixed,assets/css/components/cards/worker-card.css; assets/css/components/layout/focused-index-parity-contract.css
perfil.html,810x1080,header/app-header,0,box.x,0,265,0,265,0,fixed,assets/css/components/shell/app-header-canonical-contract.css; assets/css/components/layout/focused-index-parity-contract.css
perfil.html,810x1080,header/app-header,0,box.width,810,530,810,-280,0,fixed,assets/css/components/shell/app-header-canonical-contract.css; assets/css/components/layout/focused-index-parity-contract.css
perfil.html,810x1080,header/app-header,0,box.height,96,86,96,-10,0,fixed,assets/css/components/shell/app-header-canonical-contract.css; assets/css/components/layout/focused-index-parity-contract.css
perfil.html,810x1080,header/app-header,0,padding.bottom,10,14,10,4,0,fixed,assets/css/components/shell/app-header-canonical-contract.css; assets/css/components/layout/focused-index-parity-contract.css
perfil.html,810x1080,header/app-header__inner,0,box.x,24.3,289.3,24.3,265,0,fixed,assets/css/components/shell/app-header-canonical-contract.css; assets/css/components/layout/focused-index-parity-contract.css
perfil.html,810x1080,header/app-header__inner,0,box.width,761.39,481.39,761.39,-280,0,fixed,assets/css/components/shell/app-header-canonical-contract.css; assets/css/components/layout/focused-index-parity-contract.css
perfil.html,810x1080,header/app-header__inner,0,gap,13.77,11.34,13.77,-2.43,0,fixed,assets/css/components/shell/app-header-canonical-contract.css; assets/css/components/layout/focused-index-parity-contract.css
perfil.html,810x1080,header/location-pill,0,box.x,82.3,347.3,82.3,265,0,fixed,assets/css/components/shell/app-header-canonical-contract.css; assets/css/components/layout/focused-index-parity-contract.css
perfil.html,810x1080,header/profile-pill,0,box.x,652.42,641.02,652.42,-11.4,0,fixed,assets/css/components/shell/app-header-canonical-contract.css; assets/css/components/layout/focused-index-parity-contract.css
perfil.html,810x1080,header/profile-pill,0,box.width,133.27,129.67,133.27,-3.6,0,fixed,assets/css/components/shell/app-header-canonical-contract.css; assets/css/components/layout/focused-index-parity-contract.css
perfil.html,810x1080,header/profile-pill,0,radius,18,999,18,981,0,fixed,assets/css/components/shell/app-header-canonical-contract.css; assets/css/components/layout/focused-index-parity-contract.css
perfil.html,810x1080,container/profile-shell-content,0,box.x,164.3,304.3,164.3,140,0,fixed,assets/css/components/shell/shared-page-width-contract.css; assets/css/components/layout/focused-index-parity-contract.css