pagina,breakpoint,componente,propriedade,antes,depois,diferenca
index.html,608x926,header,padding,18px 0px 10px,20px 0px 14px,18px 0px 10px -> 20px 0px 14px
index.html,608x926,inner,y,18,20,2.0
index.html,608x926,tabletMenu,y,18,20,2.0
index.html,608x926,searchOrBack,y,18,20,2.0
index.html,608x926,location,y,18,20,2.0
index.html,608x926,location,width,171.13,170.23,-0.9
index.html,608x926,location,padding,0px 16px,0px 14px,0px 16px -> 0px 14px
index.html,608x926,profile,y,18,20,2.0
index.html,608x926,avatar,y,25,27,2.0
index.html,810x1080,header,padding,22px 0px 16px,24px 0px,22px 0px 16px -> 24px 0px
index.html,810x1080,inner,y,22,24,2.0
index.html,810x1080,inner,gap,14px,12px,14px -> 12px
index.html,810x1080,tabletMenu,padding,1px 6px,0px,1px 6px -> 0px
index.html,810x1080,tabletMenu,borderRadius,0px,16px,0px -> 16px
index.html,810x1080,tabletMenu,boxShadow,none,"rgba(15, 45, 75, 0.06) 0px 10px 26px 0px","none -> rgba(15, 45, 75, 0.06) 0px 10px 26px 0px"
index.html,810x1080,searchOrBack,y,22,24,2.0
index.html,810x1080,location,y,22,24,2.0
index.html,810x1080,location,width,185.23,185.22,-0.01
index.html,810x1080,location,gap,10px,8px,10px -> 8px
index.html,810x1080,location,padding,0px 18px,0px 14px,0px 18px -> 0px 14px
index.html,810x1080,profile,x,652.41,652.42,0.01
index.html,810x1080,profile,y,22,24,2.0
index.html,810x1080,profile,width,133.28,133.27,-0.01
index.html,810x1080,avatar,x,660.41,661.42,1.01
index.html,810x1080,avatar,y,28,30,2.0
index.html,810x1080,identity,x,706.41,707.42,1.01
index.html,810x1080,identity,y,32.06,33.86,1.8
index.html,810x1080,identity,width,65.28,64.27,-1.01
index.html,810x1080,identity,height,27.86,28.28,0.42
index.html,1024x768,header,padding,22.528px 0px 16px,24px 0px,22.528px 0px 16px -> 24px 0px
index.html,1024x768,inner,y,22.52,24,1.48
index.html,1024x768,inner,gap,14px,12px,14px -> 12px
index.html,1024x768,tabletMenu,padding,1px 6px,0px,1px 6px -> 0px
index.html,1024x768,tabletMenu,borderRadius,0px,16px,0px -> 16px
index.html,1024x768,tabletMenu,boxShadow,none,"rgba(15, 45, 75, 0.06) 0px 10px 26px 0px","none -> rgba(15, 45, 75, 0.06) 0px 10px 26px 0px"
index.html,1024x768,searchOrBack,y,22.52,24,1.48
index.html,1024x768,location,y,22.52,24,1.48
index.html,1024x768,location,width,185.23,185.22,-0.01
index.html,1024x768,location,gap,10px,8px,10px -> 8px
index.html,1024x768,location,padding,0px 18px,0px 14px,0px 18px -> 0px 14px
index.html,1024x768,profile,x,859.98,860,0.02
index.html,1024x768,profile,y,22.52,24,1.48
index.html,1024x768,profile,width,133.28,133.27,-0.01
index.html,1024x768,avatar,x,867.98,869,1.02
index.html,1024x768,avatar,y,28.52,30,1.48
index.html,1024x768,identity,x,913.98,915,1.02
index.html,1024x768,identity,y,32.58,33.86,1.28
index.html,1024x768,identity,width,65.28,64.27,-1.01
index.html,1024x768,identity,height,27.86,28.28,0.42
index.html,1280x800,header,padding,28.16px 38.4px 19.2px,24px 38.4px,28.16px 38.4px 19.2px -> 24px 38.4px
index.html,1280x800,inner,y,28.16,24,-4.16
index.html,1280x800,inner,gap,14px,12px,14px -> 12px
index.html,1280x800,tabletMenu,padding,1px 6px,0px,1px 6px -> 0px
index.html,1280x800,tabletMenu,borderRadius,0px,16px,0px -> 16px
index.html,1280x800,tabletMenu,boxShadow,none,"rgba(15, 45, 75, 0.06) 0px 10px 26px 0px","none -> rgba(15, 45, 75, 0.06) 0px 10px 26px 0px"
index.html,1280x800,searchOrBack,y,28.16,24,-4.16
index.html,1280x800,location,y,28.16,24,-4.16
index.html,1280x800,location,width,185.23,185.22,-0.01
index.html,1280x800,location,gap,10px,8px,10px -> 8px
index.html,1280x800,location,padding,0px 18px,0px 14px,0px 18px -> 0px 14px
index.html,1280x800,profile,x,1060.33,1060.34,0.01
index.html,1280x800,profile,y,28.16,24,-4.16
index.html,1280x800,profile,width,133.28,133.27,-0.01
index.html,1280x800,avatar,x,1068.33,1069.34,1.01
index.html,1280x800,avatar,y,34.16,30,-4.16
index.html,1280x800,identity,x,1114.33,1115.34,1.01
index.html,1280x800,identity,y,38.22,33.86,-4.36
index.html,1280x800,identity,width,65.28,64.27,-1.01
index.html,1280x800,identity,height,27.86,28.28,0.42
detalhe-anuncio.html,810x1080,header,x,0,280,280.0
detalhe-anuncio.html,810x1080,header,width,810,530,-280.0
detalhe-anuncio.html,810x1080,inner,x,24,304,280.0
detalhe-anuncio.html,810x1080,tabletMenu,visible,True,False,-1.0
detalhe-anuncio.html,810x1080,tabletMenu,x,24,0,-24.0
detalhe-anuncio.html,810x1080,tabletMenu,y,21,0,-21.0
detalhe-anuncio.html,810x1080,tabletMenu,width,46,0,-46.0
detalhe-anuncio.html,810x1080,tabletMenu,height,46,0,-46.0
detalhe-anuncio.html,810x1080,searchOrBack,x,84,304,220.0
detalhe-anuncio.html,810x1080,location,x,146,366,220.0
detalhe-anuncio.html,810x1080,location,width,191,185.22,-5.78
detalhe-anuncio.html,810x1080,profile,x,650,930,280.0
detalhe-anuncio.html,810x1080,avatar,x,658,938,280.0
detalhe-anuncio.html,810x1080,identity,x,704,984,280.0
detalhe-anuncio.html,1024x768,header,x,0,280,280.0
detalhe-anuncio.html,1024x768,header,width,1024,744,-280.0
detalhe-anuncio.html,1024x768,inner,x,131,304,173.0
detalhe-anuncio.html,1024x768,tabletMenu,visible,True,False,-1.0
detalhe-anuncio.html,1024x768,tabletMenu,x,131,0,-131.0
detalhe-anuncio.html,1024x768,tabletMenu,y,21,0,-21.0
detalhe-anuncio.html,1024x768,tabletMenu,width,46,0,-46.0
detalhe-anuncio.html,1024x768,tabletMenu,height,46,0,-46.0
detalhe-anuncio.html,1024x768,searchOrBack,x,191,304,113.0
detalhe-anuncio.html,1024x768,location,x,253,366,113.0
detalhe-anuncio.html,1024x768,location,width,191,185.22,-5.78
detalhe-anuncio.html,1024x768,profile,x,757,930,173.0
detalhe-anuncio.html,1024x768,avatar,x,765,938,173.0
detalhe-anuncio.html,1024x768,identity,x,811,984,173.0
detalhe-anuncio.html,1280x800,header,padding,28.16px 0px 19.2px,24px 0px,28.16px 0px 19.2px -> 24px 0px
detalhe-anuncio.html,1280x800,inner,x,318.41,366.39,47.98
detalhe-anuncio.html,1280x800,inner,y,28.16,24,-4.16
detalhe-anuncio.html,1280x800,inner,width,923.19,827.22,-95.97
detalhe-anuncio.html,1280x800,inner,gap,14px,12px,14px -> 12px
detalhe-anuncio.html,1280x800,tabletMenu,padding,1px 6px,0px,1px 6px -> 0px
detalhe-anuncio.html,1280x800,tabletMenu,borderRadius,0px,16px,0px -> 16px
detalhe-anuncio.html,1280x800,tabletMenu,boxShadow,none,"rgba(15, 45, 75, 0.06) 0px 10px 26px 0px","none -> rgba(15, 45, 75, 0.06) 0px 10px 26px 0px"
detalhe-anuncio.html,1280x800,searchOrBack,x,318.41,366.39,47.98
detalhe-anuncio.html,1280x800,searchOrBack,y,28.16,24,-4.16
detalhe-anuncio.html,1280x800,searchOrBack,borderRadius,18px,16px,18px -> 16px
detalhe-anuncio.html,1280x800,location,x,380.41,428.39,47.98
detalhe-anuncio.html,1280x800,location,y,28.16,24,-4.16
detalhe-anuncio.html,1280x800,location,width,203.23,185.22,-18.01
detalhe-anuncio.html,1280x800,location,gap,10px,8px,10px -> 8px
detalhe-anuncio.html,1280x800,location,padding,0px 18px,0px 14px,0px 18px -> 0px 14px
detalhe-anuncio.html,1280x800,profile,x,1106.31,1060.34,-45.97
detalhe-anuncio.html,1280x800,profile,y,28.16,24,-4.16
detalhe-anuncio.html,1280x800,profile,width,135.28,133.27,-2.01
detalhe-anuncio.html,1280x800,profile,borderRadius,18px,999px,18px -> 999px
detalhe-anuncio.html,1280x800,avatar,x,1114.31,1069.34,-44.97
detalhe-anuncio.html,1280x800,avatar,y,33.16,30,-3.16
detalhe-anuncio.html,1280x800,avatar,width,38,36,-2.0
detalhe-anuncio.html,1280x800,avatar,height,38,36,-2.0
detalhe-anuncio.html,1280x800,identity,x,1162.31,1115.34,-46.97
detalhe-anuncio.html,1280x800,identity,y,38.22,33.86,-4.36
detalhe-anuncio.html,1280x800,identity,width,65.28,63.27,-2.01
detalhe-anuncio.html,1280x800,identity,height,27.86,28.28,0.42
perfil.html,810x1080,header,x,0,270,270.0
perfil.html,810x1080,header,width,800,530,-270.0
perfil.html,810x1080,inner,x,29.02,294.3,265.28
perfil.html,810x1080,inner,width,741.95,481.39,-260.56
perfil.html,810x1080,tabletMenu,visible,True,False,-1.0
perfil.html,810x1080,tabletMenu,x,29.02,0,-29.02
perfil.html,810x1080,tabletMenu,y,20,0,-20.0
perfil.html,810x1080,tabletMenu,width,48,0,-48.0
perfil.html,810x1080,tabletMenu,height,48,0,-48.0
perfil.html,810x1080,searchOrBack,x,88.34,294.3,205.96
perfil.html,810x1080,location,x,147.67,353.63,205.96
perfil.html,810x1080,location,width,230,185.22,-44.78
perfil.html,810x1080,location,gap,10px,8px,10px -> 8px
perfil.html,810x1080,profile,x,635.69,642.42,6.73
perfil.html,810x1080,profile,width,135.28,133.27,-2.01
perfil.html,810x1080,avatar,x,644.69,651.42,6.73
perfil.html,810x1080,identity,x,690.69,697.42,6.73
perfil.html,810x1080,identity,y,30.06,29.86,-0.2
perfil.html,810x1080,identity,width,65.28,63.27,-2.01
perfil.html,810x1080,identity,height,27.86,28.28,0.42
perfil.html,1024x768,header,x,0,270,270.0
perfil.html,1024x768,header,width,1014,744,-270.0
perfil.html,1024x768,inner,x,47,300.72,253.72
perfil.html,1024x768,inner,width,920,682.55,-237.45
perfil.html,1024x768,tabletMenu,visible,True,False,-1.0
perfil.html,1024x768,tabletMenu,x,47,0,-47.0
perfil.html,1024x768,tabletMenu,y,20,0,-20.0
perfil.html,1024x768,tabletMenu,width,48,0,-48.0
perfil.html,1024x768,tabletMenu,height,48,0,-48.0
perfil.html,1024x768,searchOrBack,x,107,300.72,193.72
perfil.html,1024x768,location,x,167,360.72,193.72
perfil.html,1024x768,location,width,230,185.22,-44.78
perfil.html,1024x768,location,gap,10px,8px,10px -> 8px
perfil.html,1024x768,profile,x,831.72,850,18.28
perfil.html,1024x768,profile,width,135.28,133.27,-2.01
perfil.html,1024x768,avatar,x,840.72,859,18.28
perfil.html,1024x768,identity,x,886.72,905,18.28
perfil.html,1024x768,identity,y,30.06,29.86,-0.2
perfil.html,1024x768,identity,width,65.28,63.27,-2.01
perfil.html,1024x768,identity,height,27.86,28.28,0.42
perfil.html,1280x800,header,visible,False,True,1.0
perfil.html,1280x800,header,x,0,280,280.0
perfil.html,1280x800,header,width,0,1000,1000.0
perfil.html,1280x800,header,height,0,96,96.0
perfil.html,1280x800,header,padding,28.16px 0px 19.2px,24px 0px,28.16px 0px 19.2px -> 24px 0px
perfil.html,1280x800,inner,visible,False,True,1.0
perfil.html,1280x800,inner,x,0,328,328.0
perfil.html,1280x800,inner,y,0,24,24.0
perfil.html,1280x800,inner,width,0,904,904.0
perfil.html,1280x800,inner,height,0,48,48.0
perfil.html,1280x800,inner,gap,14px,12px,14px -> 12px
perfil.html,1280x800,tabletMenu,padding,1px 6px,0px,1px 6px -> 0px
perfil.html,1280x800,tabletMenu,borderRadius,0px,16px,0px -> 16px
perfil.html,1280x800,tabletMenu,boxShadow,none,"rgba(15, 45, 75, 0.06) 0px 10px 26px 0px","none -> rgba(15, 45, 75, 0.06) 0px 10px 26px 0px"
perfil.html,1280x800,searchOrBack,visible,False,True,1.0
perfil.html,1280x800,searchOrBack,x,0,328,328.0
perfil.html,1280x800,searchOrBack,y,0,24,24.0
perfil.html,1280x800,searchOrBack,width,0,48,48.0
perfil.html,1280x800,searchOrBack,height,0,48,48.0
perfil.html,1280x800,location,visible,False,True,1.0
perfil.html,1280x800,location,x,0,390,390.0
perfil.html,1280x800,location,y,0,24,24.0
perfil.html,1280x800,location,width,0,185.22,185.22
perfil.html,1280x800,location,height,0,48,48.0
perfil.html,1280x800,location,gap,10px,8px,10px -> 8px
perfil.html,1280x800,location,padding,0px 18px,0px 14px,0px 18px -> 0px 14px
perfil.html,1280x800,profile,visible,False,True,1.0
perfil.html,1280x800,profile,x,0,1098.73,1098.73
perfil.html,1280x800,profile,y,0,24,24.0
perfil.html,1280x800,profile,width,0,133.27,133.27
perfil.html,1280x800,profile,height,0,48,48.0
perfil.html,1280x800,avatar,visible,False,True,1.0
perfil.html,1280x800,avatar,x,0,1107.73,1107.73
perfil.html,1280x800,avatar,y,0,30,30.0
perfil.html,1280x800,avatar,width,0,36,36.0
perfil.html,1280x800,avatar,height,0,36,36.0
perfil.html,1280x800,identity,visible,False,True,1.0
perfil.html,1280x800,identity,x,0,1153.73,1153.73
perfil.html,1280x800,identity,y,0,33.86,33.86
perfil.html,1280x800,identity,width,0,64.27,64.27
perfil.html,1280x800,identity,height,0,28.28,28.28
