page,breakpoint,component,before_x,after_x,before_width,after_width,before_height,after_height,content_x_reference,after_delta_to_content_x,status
pedidos.html,608x926,header,0,0,608,608,86,86,18,-18,own-layout-or-pending
pedidos.html,608x926,inner,18,18,572,572,48,48,18,0,aligned
pedidos.html,608x926,actions,134,134,164,164,48,48,18,116,own-layout-or-pending
pedidos.html,608x926,content,18,18,572,572,2228,2228,18,0,not-applicable
mensagens.html,608x926,header,0,0,608,608,86,86,18,-18,own-layout-or-pending
mensagens.html,608x926,inner,18,18,572,572,48,48,18,0,aligned
mensagens.html,608x926,actions,134,134,48,48,48,48,18,116,own-layout-or-pending
mensagens.html,608x926,content,18,18,572,572,926,926,18,0,not-applicable
notificacoes.html,608x926,header,0,0,608,608,86,86,18,-18,own-layout-or-pending
notificacoes.html,608x926,inner,18,18,572,572,48,48,18,0,aligned
notificacoes.html,608x926,actions,134,134,164,164,48,48,18,116,own-layout-or-pending
notificacoes.html,608x926,content,18,18,572,572,1709.3,1709.3,18,0,not-applicable
comunidade.html,608x926,header,0,0,608,608,86,86,18,-18,own-layout-or-pending
comunidade.html,608x926,inner,18,18,572,572,48,48,18,0,aligned
comunidade.html,608x926,actions,134,134,106,106,48,48,18,116,own-layout-or-pending
comunidade.html,608x926,content,18,18,572,572,4397.1,4397.1,18,0,not-applicable
carteira.html,608x926,header,0,0,608,608,86,86,18,-18,own-layout-or-pending
carteira.html,608x926,inner,18,18,572,572,48,48,18,0,aligned
carteira.html,608x926,actions,134,134,164,164,48,48,18,116,own-layout-or-pending
carteira.html,608x926,content,18,18,572,572,2532.4,2532.4,18,0,not-applicable
perfil.html,608x926,header,0,0,608,608,86,86,18,-18,own-layout-or-pending
perfil.html,608x926,inner,18,18,572,572,48,48,18,0,aligned
perfil.html,608x926,actions,18,18,514,514,48,48,18,0,aligned
perfil.html,608x926,content,18,18,572,572,613,613,18,0,not-applicable
detalhe-anuncio.html,608x926,header,0,0,608,608,86,86,0,0,aligned
detalhe-anuncio.html,608x926,inner,18,18,572,572,48,48,0,18,own-layout-or-pending
detalhe-anuncio.html,608x926,actions,18,18,514,514,48,48,0,18,own-layout-or-pending
detalhe-anuncio.html,608x926,content,0,0,608,608,8065.8,8065.8,0,0,not-applicable
resultados.html,608x926,header,0,0,608,608,759.4,759.4,18,-18,own-layout-or-pending
resultados.html,608x926,inner,0,0,608,608,759.4,759.4,18,-18,own-layout-or-pending
resultados.html,608x926,content,18,18,572,572,1004.3,1004.3,18,0,not-applicable
index.html,608x926,header,0,0,608,608,86,86,18,-18,own-layout-or-pending
index.html,608x926,inner,18,18,572,572,48,48,18,0,aligned
index.html,608x926,actions,18,18,340,340,48,48,18,0,aligned
index.html,608x926,content,18,18,572,572,6111.4,6111.4,18,0,not-applicable
configuracoes.html,608x926,content,0,0,608,608,862,862,0,0,not-applicable
pedidos.html,810x1080,header,280,280,530,530,86,86,304.3,-24.3,own-layout-or-pending
pedidos.html,810x1080,inner,304.3,304.3,481.4,481.4,48,48,304.3,0.0,aligned
pedidos.html,810x1080,actions,362.3,362.3,164,164,48,48,304.3,58.0,own-layout-or-pending
pedidos.html,810x1080,content,304.3,304.3,481.4,481.4,1900,1900,304.3,0.0,not-applicable
mensagens.html,810x1080,header,0,0,810,810,86,86,0,0,aligned
mensagens.html,810x1080,inner,34,34,742,742,48,48,0,34,own-layout-or-pending
mensagens.html,810x1080,actions,150,150,48,48,48,48,0,150,own-layout-or-pending
mensagens.html,810x1080,content,0,0,810,810,1080,1080,0,0,not-applicable
notificacoes.html,810x1080,header,280,280,530,530,86,86,304.3,-24.3,own-layout-or-pending
notificacoes.html,810x1080,inner,304.3,304.3,481.4,481.4,48,48,304.3,0.0,aligned
notificacoes.html,810x1080,actions,362.3,362.3,164,164,48,48,304.3,58.0,own-layout-or-pending
notificacoes.html,810x1080,content,304.3,304.3,481.4,481.4,5451,5451,304.3,0.0,not-applicable
comunidade.html,810x1080,header,280,280,530,530,86,86,304.3,-24.3,own-layout-or-pending
comunidade.html,810x1080,inner,304.3,304.3,481.4,481.4,48,48,304.3,0.0,aligned
comunidade.html,810x1080,actions,362.3,362.3,106,106,48,48,304.3,58.0,own-layout-or-pending
comunidade.html,810x1080,content,304.3,304.3,481.4,481.4,1759.1,1759.1,304.3,0.0,not-applicable
carteira.html,810x1080,header,280,280,530,530,86,86,304.3,-24.3,own-layout-or-pending
carteira.html,810x1080,inner,304.3,304.3,481.4,481.4,48,48,304.3,0.0,aligned
carteira.html,810x1080,actions,362.3,362.3,164,164,48,48,304.3,58.0,own-layout-or-pending
carteira.html,810x1080,content,304.3,304.3,481.4,481.4,2116.3,2116.3,304.3,0.0,not-applicable
perfil.html,810x1080,header,0,265,810,530,96,96,164.3,100.7,own-layout-or-pending
perfil.html,810x1080,inner,24.3,289.3,761.4,481.4,48,48,164.3,125.0,own-layout-or-pending
perfil.html,810x1080,actions,24.3,289.3,614.3,334.4,48,48,164.3,125.0,own-layout-or-pending
perfil.html,810x1080,content,164.3,164.3,481.4,481.4,672.6,672.6,164.3,0.0,not-applicable
detalhe-anuncio.html,810x1080,header,0,280,810,530,96,96,0,280,own-layout-or-pending
detalhe-anuncio.html,810x1080,inner,24,304.3,762,481.4,48,48,0,304.3,own-layout-or-pending
detalhe-anuncio.html,810x1080,actions,24,304.3,612,331.4,48,48,0,304.3,own-layout-or-pending
detalhe-anuncio.html,810x1080,content,0,0,810,810,5644.4,5644.4,0,0,not-applicable
resultados.html,810x1080,header,0,0,810,810,184,184,304.3,-304.3,own-layout-or-pending
resultados.html,810x1080,inner,0,0,810,810,184,184,304.3,-304.3,own-layout-or-pending
resultados.html,810x1080,content,304.3,304.3,481.4,481.4,896.4,896.4,304.3,0.0,not-applicable
index.html,810x1080,header,0,0,810,810,96,96,164.3,-164.3,own-layout-or-pending
index.html,810x1080,inner,24.3,24.3,761.4,761.4,48,48,164.3,-140.0,own-layout-or-pending
index.html,810x1080,actions,24.3,24.3,616.1,616.1,48,48,164.3,-140.0,own-layout-or-pending
index.html,810x1080,content,164.3,164.3,481.4,481.4,2551.7,2551.7,164.3,0.0,not-applicable
configuracoes.html,810x1080,content,0,0,810,810,696.5,696.5,0,0,not-applicable
pedidos.html,1024x768,header,280,280,744,744,86,86,310.7,-30.7,own-layout-or-pending
pedidos.html,1024x768,inner,310.7,310.7,682.5,682.5,48,48,310.7,0.0,aligned
pedidos.html,1024x768,actions,368.7,368.7,344.6,344.6,48,48,310.7,58.0,own-layout-or-pending
pedidos.html,1024x768,content,310.7,310.7,682.5,682.5,1655.8,1655.8,310.7,0.0,not-applicable
mensagens.html,1024x768,header,0,0,1024,1024,86,86,0,0,aligned
mensagens.html,1024x768,inner,52,52,920,920,48,48,0,52,own-layout-or-pending
mensagens.html,1024x768,actions,168,168,99.8,99.8,48,48,0,168,own-layout-or-pending
mensagens.html,1024x768,content,0,0,1024,1024,768,768,0,0,not-applicable
notificacoes.html,1024x768,header,280,280,744,744,86,86,310.7,-30.7,own-layout-or-pending
notificacoes.html,1024x768,inner,310.7,310.7,682.5,682.5,48,48,310.7,0.0,aligned
notificacoes.html,1024x768,actions,368.7,368.7,347.6,347.6,48,48,310.7,58.0,own-layout-or-pending
notificacoes.html,1024x768,content,310.7,310.7,682.5,682.5,7023.1,7023.1,310.7,0.0,not-applicable
comunidade.html,1024x768,header,280,280,744,744,86,86,310.7,-30.7,own-layout-or-pending
comunidade.html,1024x768,inner,310.7,310.7,682.5,682.5,48,48,310.7,0.0,aligned
comunidade.html,1024x768,actions,368.7,368.7,342.7,342.7,48,48,310.7,58.0,own-layout-or-pending
comunidade.html,1024x768,content,310.7,310.7,682.5,682.5,1728.5,1728.5,310.7,0.0,not-applicable
carteira.html,1024x768,header,280,280,744,744,86,86,310.7,-30.7,own-layout-or-pending
carteira.html,1024x768,inner,310.7,310.7,682.5,682.5,48,48,310.7,0.0,aligned
carteira.html,1024x768,actions,368.7,368.7,386.8,386.8,48,48,310.7,58.0,own-layout-or-pending
carteira.html,1024x768,content,310.7,310.7,682.5,682.5,1977.1,1977.1,310.7,0.0,not-applicable
perfil.html,1024x768,header,265,265,744,744,86,86,310.7,-45.7,own-layout-or-pending
perfil.html,1024x768,inner,295.7,295.7,682.5,682.5,48,48,310.7,-15.0,own-layout-or-pending
perfil.html,1024x768,actions,295.7,295.7,537.3,537.3,48,48,310.7,-15.0,own-layout-or-pending
perfil.html,1024x768,content,310.7,310.7,682.5,682.5,701.8,701.8,310.7,0.0,not-applicable
detalhe-anuncio.html,1024x768,header,280,280,744,744,96,96,0,280,own-layout-or-pending
detalhe-anuncio.html,1024x768,inner,304,310.7,762,682.5,48,48,0,310.7,own-layout-or-pending
detalhe-anuncio.html,1024x768,actions,304,310.7,612,532.5,48,48,0,310.7,own-layout-or-pending
detalhe-anuncio.html,1024x768,content,0,0,1024,1024,5703.9,5703.9,0,0,not-applicable
resultados.html,1024x768,header,0,0,1024,1024,184,184,310.7,-310.7,own-layout-or-pending
resultados.html,1024x768,inner,0,0,1024,1024,184,184,310.7,-310.7,own-layout-or-pending
resultados.html,1024x768,content,310.7,310.7,682.5,682.5,1085.1,1085.1,310.7,0.0,not-applicable
index.html,1024x768,header,0,0,1024,1024,96,96,170.7,-170.7,own-layout-or-pending
index.html,1024x768,inner,30.7,30.7,962.5,962.5,48,48,170.7,-140.0,own-layout-or-pending
index.html,1024x768,actions,30.7,30.7,817.3,817.3,48,48,170.7,-140.0,own-layout-or-pending
index.html,1024x768,content,170.7,170.7,682.5,682.5,3850.2,3850.2,170.7,0.0,not-applicable
configuracoes.html,1024x768,content,0,0,1024,1024,696.5,696.5,0,0,not-applicable
pedidos.html,1280x800,header,272,280,1008,1000,96,96,328,-48,own-layout-or-pending
pedidos.html,1280x800,inner,358.4,328,835.2,904,48,48,328,0,aligned
pedidos.html,1280x800,actions,416.4,386,374.1,374.1,48,48,328,58,own-layout-or-pending
pedidos.html,1280x800,content,328,328,904,904,1108.8,1108.8,328,0,not-applicable
mensagens.html,1280x800,header,272,272,1008,1008,96,96,318.4,-46.4,own-layout-or-pending
mensagens.html,1280x800,inner,358.4,358.4,835.2,835.2,48,48,318.4,40.0,own-layout-or-pending
mensagens.html,1280x800,actions,0,0,0,0,0,0,318.4,-318.4,own-layout-or-pending
mensagens.html,1280x800,content,318.4,318.4,923.2,923.2,800,800,318.4,0.0,not-applicable
notificacoes.html,1280x800,header,272,280,1008,1000,96,96,328,-48,own-layout-or-pending
notificacoes.html,1280x800,inner,358.4,328,835.2,904,48,48,328,0,aligned
notificacoes.html,1280x800,actions,416.4,386,374.1,374.1,48,48,328,58,own-layout-or-pending
notificacoes.html,1280x800,content,328,328,904,904,8794.7,8794.7,328,0,not-applicable
comunidade.html,1280x800,header,272,280,1008,1000,96,96,328,-48,own-layout-or-pending
comunidade.html,1280x800,inner,358.4,328,835.2,904,48,48,328,0,aligned
comunidade.html,1280x800,actions,416.4,386,377,377,48,48,328,58,own-layout-or-pending
comunidade.html,1280x800,content,328,328,904,904,2525.2,2525.2,328,0,not-applicable
carteira.html,1280x800,header,272,280,1008,1000,96,96,328,-48,own-layout-or-pending
carteira.html,1280x800,inner,358.4,328,835.2,904,48,48,328,0,aligned
carteira.html,1280x800,actions,416.4,386,417.1,417.1,48,48,328,58,own-layout-or-pending
carteira.html,1280x800,content,328,328,904,904,998.5,998.5,328,0,not-applicable
perfil.html,1280x800,header,272,280,1008,1000,96,96,328,-48,own-layout-or-pending
perfil.html,1280x800,inner,358.4,328,835.2,904,48,48,328,0,aligned
perfil.html,1280x800,actions,358.4,328,516,584.7,48,48,328,0,aligned
perfil.html,1280x800,content,328,328,889,889,490.8,490.8,328,0,not-applicable
detalhe-anuncio.html,1280x800,header,272,280,1008,1000,96,96,280,0,aligned
detalhe-anuncio.html,1280x800,inner,358.4,328,835.2,904,48,48,280,48,own-layout-or-pending
detalhe-anuncio.html,1280x800,actions,358.4,328,516,584.7,48,48,280,48,own-layout-or-pending
detalhe-anuncio.html,1280x800,content,280,280,1000,1000,5073.6,5073.6,280,0,not-applicable
resultados.html,1280x800,header,318.4,318.4,923.2,923.2,96,96,328,-9.6,own-layout-or-pending
resultados.html,1280x800,inner,318.4,318.4,923.2,923.2,96,96,328,-9.6,own-layout-or-pending
resultados.html,1280x800,content,328,328,904,904,1718.8,1718.8,328,0,not-applicable
index.html,1280x800,header,272,272,1008,1008,96,96,320,-48,own-layout-or-pending
index.html,1280x800,inner,358.4,358.4,835.2,835.2,48,48,320,38.4,own-layout-or-pending
index.html,1280x800,actions,358.4,358.4,516,516,48,48,320,38.4,own-layout-or-pending
index.html,1280x800,content,320,320,912,912,3563.5,3563.5,320,0,not-applicable
configuracoes.html,1280x800,content,328,328,904,904,927.3,927.3,328,0,not-applicable
