page,breakpoint,component,selector,property,expected,before,after,beforeDiff,afterDiff,status,probableCss
resultados.html,390x844,doke-ad-card,.results-grid > .doke-ad-card,box.width,319.8,354,319.8,34.2,0,fixed,assets/css/components/layout/marketplace-index-parity-contract.css
resultados.html,390x844,doke-ad-card,.results-grid > .doke-ad-card,box.height,262.88,637.47,262.88,374.59,0,fixed,assets/css/components/layout/marketplace-index-parity-contract.css
resultados.html,390x844,doke-ad-card,.results-grid > .doke-ad-card,media.height,104,148,104,44,0,fixed,assets/css/components/layout/marketplace-index-parity-contract.css
resultados.html,390x844,doke-ad-card,.results-grid > .doke-ad-card,radius,16,26,16,10,0,fixed,assets/css/components/layout/marketplace-index-parity-contract.css
resultados.html,390x844,doke-ad-card,.results-grid > .doke-ad-card,overflow.selfX,0,164,0,164,0,fixed,assets/css/components/layout/marketplace-index-parity-contract.css
resultados.html,390x844,doke-ad-card,.results-grid > .doke-ad-card,box.width,319.8,354,319.8,34.2,0,fixed,assets/css/components/layout/marketplace-index-parity-contract.css
resultados.html,390x844,doke-ad-card,.results-grid > .doke-ad-card,box.height,262.88,637.47,262.88,374.59,0,fixed,assets/css/components/layout/marketplace-index-parity-contract.css
resultados.html,390x844,doke-ad-card,.results-grid > .doke-ad-card,media.height,104,148,104,44,0,fixed,assets/css/components/layout/marketplace-index-parity-contract.css
resultados.html,390x844,doke-ad-card,.results-grid > .doke-ad-card,radius,16,26,16,10,0,fixed,assets/css/components/layout/marketplace-index-parity-contract.css
resultados.html,390x844,doke-ad-card,.results-grid > .doke-ad-card,overflow.selfX,0,164,0,164,0,fixed,assets/css/components/layout/marketplace-index-parity-contract.css
resultados.html,390x844,doke-ad-card,.results-grid > .doke-ad-card,box.width,319.8,354,319.8,34.2,0,fixed,assets/css/components/layout/marketplace-index-parity-contract.css
resultados.html,390x844,doke-ad-card,.results-grid > .doke-ad-card,box.height,262.88,637.47,262.88,374.59,0,fixed,assets/css/components/layout/marketplace-index-parity-contract.css
resultados.html,390x844,doke-ad-card,.results-grid > .doke-ad-card,media.height,104,148,104,44,0,fixed,assets/css/components/layout/marketplace-index-parity-contract.css
resultados.html,390x844,doke-ad-card,.results-grid > .doke-ad-card,radius,16,26,16,10,0,fixed,assets/css/components/layout/marketplace-index-parity-contract.css
resultados.html,390x844,doke-ad-card,.results-grid > .doke-ad-card,overflow.selfX,0,164,0,164,0,fixed,assets/css/components/layout/marketplace-index-parity-contract.css
resultados.html,390x844,publication-card,.results-before-after-grid > .publication-card,box.width,362,354,319.8,-8,-42.2,remaining,assets/css/components/layout/marketplace-index-parity-contract.css
resultados.html,390x844,publication-card,.results-before-after-grid > .publication-card,box.height,283.3,1321.55,283.3,1038.25,0,fixed,assets/css/components/layout/marketplace-index-parity-contract.css
resultados.html,390x844,publication-card,.results-before-after-grid > .publication-card,radius,18,24,18,6,0,fixed,assets/css/components/layout/marketplace-index-parity-contract.css
resultados.html,390x844,publication-card,.results-before-after-grid > .publication-card,overflow.selfX,0,24,24,24,24,remaining,assets/css/components/layout/marketplace-index-parity-contract.css
resultados.html,390x844,publication-card,.results-before-after-grid > .publication-card,box.width,362,354,319.8,-8,-42.2,remaining,assets/css/components/layout/marketplace-index-parity-contract.css
resultados.html,390x844,publication-card,.results-before-after-grid > .publication-card,box.height,283.3,1321.55,283.3,1038.25,0,fixed,assets/css/components/layout/marketplace-index-parity-contract.css
resultados.html,390x844,publication-card,.results-before-after-grid > .publication-card,radius,18,24,18,6,0,fixed,assets/css/components/layout/marketplace-index-parity-contract.css
resultados.html,390x844,publication-card,.results-before-after-grid > .publication-card,overflow.selfX,0,24,24,24,24,remaining,assets/css/components/layout/marketplace-index-parity-contract.css
resultados.html,390x844,publication-card,.results-before-after-grid > .publication-card,box.width,362,354,319.8,-8,-42.2,remaining,assets/css/components/layout/marketplace-index-parity-contract.css
resultados.html,390x844,publication-card,.results-before-after-grid > .publication-card,box.height,283.3,1321.55,283.3,1038.25,0,fixed,assets/css/components/layout/marketplace-index-parity-contract.css
resultados.html,390x844,publication-card,.results-before-after-grid > .publication-card,radius,18,24,18,6,0,fixed,assets/css/components/layout/marketplace-index-parity-contract.css
resultados.html,390x844,publication-card,.results-before-after-grid > .publication-card,overflow.selfX,0,24,24,24,24,remaining,assets/css/components/layout/marketplace-index-parity-contract.css
resultados.html,390x844,worker/video-card,.results-videos-grid > .video-card,radius,16,24,16,8,0,fixed,assets/css/components/layout/marketplace-index-parity-contract.css
resultados.html,390x844,worker/video-card,.results-videos-grid > .video-card,radius,16,24,16,8,0,fixed,assets/css/components/layout/marketplace-index-parity-contract.css
resultados.html,390x844,worker/video-card,.results-videos-grid > .video-card,radius,16,24,16,8,0,fixed,assets/css/components/layout/marketplace-index-parity-contract.css
resultados.html,390x844,filter-pills,".search-scope__option span, .search-scope__filter-toggle",box.height,21.31,17,15,-4.31,-23,remaining,assets/css/components/layout/marketplace-index-parity-contract.css
resultados.html,390x844,filter-pills,".search-scope__option span, .search-scope__filter-toggle",padding.left,6,0,6,-6,0,fixed,assets/css/components/layout/marketplace-index-parity-contract.css
resultados.html,390x844,filter-pills,".search-scope__option span, .search-scope__filter-toggle",padding.right,6,0,6,-6,0,fixed,assets/css/components/layout/marketplace-index-parity-contract.css
resultados.html,390x844,filter-pills,".search-scope__option span, .search-scope__filter-toggle",fontSize,13.33,16,13.33,2.67,0,fixed,assets/css/components/layout/marketplace-index-parity-contract.css
resultados.html,390x844,filter-pills,".search-scope__option span, .search-scope__filter-toggle",lineHeight,15.33,0,15.33,-15.33,0,fixed,assets/css/components/layout/marketplace-index-parity-contract.css
resultados.html,390x844,filter-pills,".search-scope__option span, .search-scope__filter-toggle",box.height,21.31,17,15,-4.31,-23,remaining,assets/css/components/layout/marketplace-index-parity-contract.css
resultados.html,390x844,filter-pills,".search-scope__option span, .search-scope__filter-toggle",padding.left,6,0,6,-6,0,fixed,assets/css/components/layout/marketplace-index-parity-contract.css
resultados.html,390x844,filter-pills,".search-scope__option span, .search-scope__filter-toggle",padding.right,6,0,6,-6,0,fixed,assets/css/components/layout/marketplace-index-parity-contract.css
resultados.html,390x844,filter-pills,".search-scope__option span, .search-scope__filter-toggle",fontSize,13.33,16,13.33,2.67,0,fixed,assets/css/components/layout/marketplace-index-parity-contract.css
resultados.html,390x844,filter-pills,".search-scope__option span, .search-scope__filter-toggle",lineHeight,15.33,0,15.33,-15.33,0,fixed,assets/css/components/layout/marketplace-index-parity-contract.css
resultados.html,390x844,filter-pills,".search-scope__option span, .search-scope__filter-toggle",box.height,21.31,17,15,-4.31,-23,remaining,assets/css/components/layout/marketplace-index-parity-contract.css
resultados.html,390x844,filter-pills,".search-scope__option span, .search-scope__filter-toggle",padding.left,6,0,6,-6,0,fixed,assets/css/components/layout/marketplace-index-parity-contract.css
resultados.html,390x844,filter-pills,".search-scope__option span, .search-scope__filter-toggle",padding.right,6,0,6,-6,0,fixed,assets/css/components/layout/marketplace-index-parity-contract.css
resultados.html,390x844,filter-pills,".search-scope__option span, .search-scope__filter-toggle",fontSize,13.33,16,13.33,2.67,0,fixed,assets/css/components/layout/marketplace-index-parity-contract.css
resultados.html,390x844,filter-pills,".search-scope__option span, .search-scope__filter-toggle",lineHeight,15.33,0,15.33,-15.33,0,fixed,assets/css/components/layout/marketplace-index-parity-contract.css
detalhe-anuncio.html,390x844,doke-ad-card,[data-similar-ads-grid] > .doke-ad-card,box.width,319.8,108,319.8,-211.8,0,fixed,assets/css/components/layout/marketplace-index-parity-contract.css
detalhe-anuncio.html,390x844,doke-ad-card,[data-similar-ads-grid] > .doke-ad-card,box.height,262.88,425.83,262.88,162.95,0,fixed,assets/css/components/layout/marketplace-index-parity-contract.css
detalhe-anuncio.html,390x844,doke-ad-card,[data-similar-ads-grid] > .doke-ad-card,media.height,104,148,104,44,0,fixed,assets/css/components/layout/marketplace-index-parity-contract.css
detalhe-anuncio.html,390x844,doke-ad-card,[data-similar-ads-grid] > .doke-ad-card,media.aspectRatio,3.06,0.72,3.06,-2.34,0,fixed,assets/css/components/layout/marketplace-index-parity-contract.css
detalhe-anuncio.html,390x844,doke-ad-card,[data-similar-ads-grid] > .doke-ad-card,textClipped,false,true,true,clipped,clipped,remaining,assets/css/components/layout/marketplace-index-parity-contract.css
detalhe-anuncio.html,390x844,doke-ad-card,[data-similar-ads-grid] > .doke-ad-card,box.width,319.8,108,319.8,-211.8,0,fixed,assets/css/components/layout/marketplace-index-parity-contract.css
detalhe-anuncio.html,390x844,doke-ad-card,[data-similar-ads-grid] > .doke-ad-card,box.height,262.88,425.83,262.88,162.95,0,fixed,assets/css/components/layout/marketplace-index-parity-contract.css
detalhe-anuncio.html,390x844,doke-ad-card,[data-similar-ads-grid] > .doke-ad-card,media.height,104,148,104,44,0,fixed,assets/css/components/layout/marketplace-index-parity-contract.css
detalhe-anuncio.html,390x844,doke-ad-card,[data-similar-ads-grid] > .doke-ad-card,media.aspectRatio,3.06,0.72,3.06,-2.34,0,fixed,assets/css/components/layout/marketplace-index-parity-contract.css
detalhe-anuncio.html,390x844,doke-ad-card,[data-similar-ads-grid] > .doke-ad-card,textClipped,false,true,true,clipped,clipped,remaining,assets/css/components/layout/marketplace-index-parity-contract.css
detalhe-anuncio.html,390x844,doke-ad-card,[data-similar-ads-grid] > .doke-ad-card,box.width,319.8,108,319.8,-211.8,0,fixed,assets/css/components/layout/marketplace-index-parity-contract.css
detalhe-anuncio.html,390x844,doke-ad-card,[data-similar-ads-grid] > .doke-ad-card,box.height,262.88,425.83,262.88,162.95,0,fixed,assets/css/components/layout/marketplace-index-parity-contract.css
detalhe-anuncio.html,390x844,doke-ad-card,[data-similar-ads-grid] > .doke-ad-card,media.height,104,148,104,44,0,fixed,assets/css/components/layout/marketplace-index-parity-contract.css
detalhe-anuncio.html,390x844,doke-ad-card,[data-similar-ads-grid] > .doke-ad-card,media.aspectRatio,3.06,0.72,3.06,-2.34,0,fixed,assets/css/components/layout/marketplace-index-parity-contract.css
detalhe-anuncio.html,390x844,doke-ad-card,[data-similar-ads-grid] > .doke-ad-card,textClipped,false,true,true,clipped,clipped,remaining,assets/css/components/layout/marketplace-index-parity-contract.css
detalhe-anuncio.html,390x844,publication-card,[data-related-publications-list] > .publication-card,box.width,362,354,319.8,-8,-42.2,remaining,assets/css/components/layout/marketplace-index-parity-contract.css
detalhe-anuncio.html,390x844,publication-card,[data-related-publications-list] > .publication-card,box.height,283.3,330,330,46.7,46.7,remaining,assets/css/components/layout/marketplace-index-parity-contract.css
detalhe-anuncio.html,390x844,publication-card,[data-related-publications-list] > .publication-card,box.width,362,354,319.8,-8,-42.2,remaining,assets/css/components/layout/marketplace-index-parity-contract.css
detalhe-anuncio.html,390x844,publication-card,[data-related-publications-list] > .publication-card,box.height,283.3,330,330,46.7,46.7,remaining,assets/css/components/layout/marketplace-index-parity-contract.css
detalhe-anuncio.html,390x844,publication-card,[data-related-publications-list] > .publication-card,box.width,362,354,319.8,-8,-42.2,remaining,assets/css/components/layout/marketplace-index-parity-contract.css
detalhe-anuncio.html,390x844,publication-card,[data-related-publications-list] > .publication-card,box.height,283.3,330,330,46.7,46.7,remaining,assets/css/components/layout/marketplace-index-parity-contract.css
detalhe-anuncio.html,390x844,rails/containers,.ad-detail-shell,textClipped,false,true,true,clipped,clipped,remaining,assets/css/components/layout/marketplace-index-parity-contract.css
perfil.html,390x844,rails/containers,.profile-shell-content,box.x,18,10.5,10.5,-7.5,-7.5,remaining,assets/css/components/layout/marketplace-index-parity-contract.css
comunidade.html,390x844,filter-pills,.communities-filter,box.height,21.31,36,21.31,14.69,0,fixed,assets/css/components/layout/marketplace-index-parity-contract.css
comunidade.html,390x844,filter-pills,.communities-filter,padding.left,6,13,6,7,0,fixed,assets/css/components/layout/marketplace-index-parity-contract.css
comunidade.html,390x844,filter-pills,.communities-filter,padding.right,6,13,6,7,0,fixed,assets/css/components/layout/marketplace-index-parity-contract.css
comunidade.html,390x844,filter-pills,.communities-filter,radius,0,999,0,999,0,fixed,assets/css/components/layout/marketplace-index-parity-contract.css
comunidade.html,390x844,filter-pills,.communities-filter,lineHeight,15.33,0,15.33,-15.33,0,fixed,assets/css/components/layout/marketplace-index-parity-contract.css
comunidade.html,390x844,filter-pills,.communities-filter,gap,0,8,8,8,8,remaining,assets/css/components/layout/marketplace-index-parity-contract.css
comunidade.html,390x844,filter-pills,.communities-filter,box.height,21.31,36,21.31,14.69,0,fixed,assets/css/components/layout/marketplace-index-parity-contract.css
comunidade.html,390x844,filter-pills,.communities-filter,padding.left,6,13,6,7,0,fixed,assets/css/components/layout/marketplace-index-parity-contract.css
comunidade.html,390x844,filter-pills,.communities-filter,padding.right,6,13,6,7,0,fixed,assets/css/components/layout/marketplace-index-parity-contract.css
comunidade.html,390x844,filter-pills,.communities-filter,radius,0,999,0,999,0,fixed,assets/css/components/layout/marketplace-index-parity-contract.css
comunidade.html,390x844,filter-pills,.communities-filter,lineHeight,15.33,0,15.33,-15.33,0,fixed,assets/css/components/layout/marketplace-index-parity-contract.css
comunidade.html,390x844,filter-pills,.communities-filter,gap,0,8,8,8,8,remaining,assets/css/components/layout/marketplace-index-parity-contract.css
comunidade.html,390x844,filter-pills,.communities-filter,box.height,21.31,36,21.31,14.69,0,fixed,assets/css/components/layout/marketplace-index-parity-contract.css
comunidade.html,390x844,filter-pills,.communities-filter,padding.left,6,13,6,7,0,fixed,assets/css/components/layout/marketplace-index-parity-contract.css
comunidade.html,390x844,filter-pills,.communities-filter,padding.right,6,13,6,7,0,fixed,assets/css/components/layout/marketplace-index-parity-contract.css
comunidade.html,390x844,filter-pills,.communities-filter,radius,0,999,0,999,0,fixed,assets/css/components/layout/marketplace-index-parity-contract.css
comunidade.html,390x844,filter-pills,.communities-filter,lineHeight,15.33,0,15.33,-15.33,0,fixed,assets/css/components/layout/marketplace-index-parity-contract.css
comunidade.html,390x844,filter-pills,.communities-filter,gap,0,8,8,8,8,remaining,assets/css/components/layout/marketplace-index-parity-contract.css
resultados.html,608x926,doke-ad-card,.results-grid > .doke-ad-card,box.width,278,572,320,294,42,remaining,assets/css/components/layout/marketplace-index-parity-contract.css
resultados.html,608x926,doke-ad-card,.results-grid > .doke-ad-card,box.height,262.88,855.47,262.88,592.59,0,fixed,assets/css/components/layout/marketplace-index-parity-contract.css
resultados.html,608x926,doke-ad-card,.results-grid > .doke-ad-card,media.height,104,148,104,44,0,fixed,assets/css/components/layout/marketplace-index-parity-contract.css
resultados.html,608x926,doke-ad-card,.results-grid > .doke-ad-card,overflow.selfX,0,164,0,164,0,fixed,assets/css/components/layout/marketplace-index-parity-contract.css
resultados.html,608x926,doke-ad-card,.results-grid > .doke-ad-card,box.width,278,572,320,294,42,remaining,assets/css/components/layout/marketplace-index-parity-contract.css
resultados.html,608x926,doke-ad-card,.results-grid > .doke-ad-card,box.height,262.88,855.47,262.88,592.59,0,fixed,assets/css/components/layout/marketplace-index-parity-contract.css
resultados.html,608x926,doke-ad-card,.results-grid > .doke-ad-card,media.height,104,148,104,44,0,fixed,assets/css/components/layout/marketplace-index-parity-contract.css
resultados.html,608x926,doke-ad-card,.results-grid > .doke-ad-card,overflow.selfX,0,164,0,164,0,fixed,assets/css/components/layout/marketplace-index-parity-contract.css
resultados.html,608x926,doke-ad-card,.results-grid > .doke-ad-card,box.width,278,572,320,294,42,remaining,assets/css/components/layout/marketplace-index-parity-contract.css
resultados.html,608x926,doke-ad-card,.results-grid > .doke-ad-card,box.height,262.88,855.47,262.88,592.59,0,fixed,assets/css/components/layout/marketplace-index-parity-contract.css
resultados.html,608x926,doke-ad-card,.results-grid > .doke-ad-card,media.height,104,148,104,44,0,fixed,assets/css/components/layout/marketplace-index-parity-contract.css
resultados.html,608x926,doke-ad-card,.results-grid > .doke-ad-card,overflow.selfX,0,164,0,164,0,fixed,assets/css/components/layout/marketplace-index-parity-contract.css
resultados.html,608x926,publication-card,.results-before-after-grid > .publication-card,box.width,272,572,320,300,48,remaining,assets/css/components/layout/marketplace-index-parity-contract.css
resultados.html,608x926,publication-card,.results-before-after-grid > .publication-card,box.height,308,1975.55,308,1667.55,0,fixed,assets/css/components/layout/marketplace-index-parity-contract.css
resultados.html,608x926,publication-card,.results-before-after-grid > .publication-card,radius,18,24,0,6,-18,remaining,assets/css/components/layout/marketplace-index-parity-contract.css
resultados.html,608x926,publication-card,.results-before-after-grid > .publication-card,overflow.selfX,0,24,24,24,24,remaining,assets/css/components/layout/marketplace-index-parity-contract.css
resultados.html,608x926,publication-card,.results-before-after-grid > .publication-card,box.width,272,572,320,300,48,remaining,assets/css/components/layout/marketplace-index-parity-contract.css
resultados.html,608x926,publication-card,.results-before-after-grid > .publication-card,box.height,308,1975.55,308,1667.55,0,fixed,assets/css/components/layout/marketplace-index-parity-contract.css
resultados.html,608x926,publication-card,.results-before-after-grid > .publication-card,radius,18,24,0,6,-18,remaining,assets/css/components/layout/marketplace-index-parity-contract.css
resultados.html,608x926,publication-card,.results-before-after-grid > .publication-card,overflow.selfX,0,24,24,24,24,remaining,assets/css/components/layout/marketplace-index-parity-contract.css
resultados.html,608x926,publication-card,.results-before-after-grid > .publication-card,box.width,272,572,320,300,48,remaining,assets/css/components/layout/marketplace-index-parity-contract.css
resultados.html,608x926,publication-card,.results-before-after-grid > .publication-card,box.height,308,1975.55,308,1667.55,0,fixed,assets/css/components/layout/marketplace-index-parity-contract.css
resultados.html,608x926,publication-card,.results-before-after-grid > .publication-card,radius,18,24,0,6,-18,remaining,assets/css/components/layout/marketplace-index-parity-contract.css
resultados.html,608x926,publication-card,.results-before-after-grid > .publication-card,overflow.selfX,0,24,24,24,24,remaining,assets/css/components/layout/marketplace-index-parity-contract.css
resultados.html,608x926,worker/video-card,.results-videos-grid > .video-card,radius,16,24,16,8,0,fixed,assets/css/components/layout/marketplace-index-parity-contract.css
resultados.html,608x926,worker/video-card,.results-videos-grid > .video-card,radius,16,24,16,8,0,fixed,assets/css/components/layout/marketplace-index-parity-contract.css
resultados.html,608x926,worker/video-card,.results-videos-grid > .video-card,radius,16,24,16,8,0,fixed,assets/css/components/layout/marketplace-index-parity-contract.css
resultados.html,608x926,filter-pills,".search-scope__option span, .search-scope__filter-toggle",box.height,21.31,17,15,-4.31,-23,remaining,assets/css/components/layout/marketplace-index-parity-contract.css
resultados.html,608x926,filter-pills,".search-scope__option span, .search-scope__filter-toggle",padding.left,6,0,6,-6,0,fixed,assets/css/components/layout/marketplace-index-parity-contract.css
resultados.html,608x926,filter-pills,".search-scope__option span, .search-scope__filter-toggle",padding.right,6,0,6,-6,0,fixed,assets/css/components/layout/marketplace-index-parity-contract.css
resultados.html,608x926,filter-pills,".search-scope__option span, .search-scope__filter-toggle",fontSize,13.33,16,13.33,2.67,0,fixed,assets/css/components/layout/marketplace-index-parity-contract.css
resultados.html,608x926,filter-pills,".search-scope__option span, .search-scope__filter-toggle",lineHeight,15.33,0,15.33,-15.33,0,fixed,assets/css/components/layout/marketplace-index-parity-contract.css
resultados.html,608x926,filter-pills,".search-scope__option span, .search-scope__filter-toggle",box.height,21.31,17,15,-4.31,-23,remaining,assets/css/components/layout/marketplace-index-parity-contract.css
resultados.html,608x926,filter-pills,".search-scope__option span, .search-scope__filter-toggle",padding.left,6,0,6,-6,0,fixed,assets/css/components/layout/marketplace-index-parity-contract.css
resultados.html,608x926,filter-pills,".search-scope__option span, .search-scope__filter-toggle",padding.right,6,0,6,-6,0,fixed,assets/css/components/layout/marketplace-index-parity-contract.css
resultados.html,608x926,filter-pills,".search-scope__option span, .search-scope__filter-toggle",fontSize,13.33,16,13.33,2.67,0,fixed,assets/css/components/layout/marketplace-index-parity-contract.css
resultados.html,608x926,filter-pills,".search-scope__option span, .search-scope__filter-toggle",lineHeight,15.33,0,15.33,-15.33,0,fixed,assets/css/components/layout/marketplace-index-parity-contract.css
resultados.html,608x926,filter-pills,".search-scope__option span, .search-scope__filter-toggle",box.height,21.31,17,15,-4.31,-23,remaining,assets/css/components/layout/marketplace-index-parity-contract.css
resultados.html,608x926,filter-pills,".search-scope__option span, .search-scope__filter-toggle",padding.left,6,0,6,-6,0,fixed,assets/css/components/layout/marketplace-index-parity-contract.css
resultados.html,608x926,filter-pills,".search-scope__option span, .search-scope__filter-toggle",padding.right,6,0,6,-6,0,fixed,assets/css/components/layout/marketplace-index-parity-contract.css
resultados.html,608x926,filter-pills,".search-scope__option span, .search-scope__filter-toggle",fontSize,13.33,16,13.33,2.67,0,fixed,assets/css/components/layout/marketplace-index-parity-contract.css
resultados.html,608x926,filter-pills,".search-scope__option span, .search-scope__filter-toggle",lineHeight,15.33,0,15.33,-15.33,0,fixed,assets/css/components/layout/marketplace-index-parity-contract.css
resultados.html,608x926,section-headers,.results-related__header,box.height,46,32.97,32.97,-13.03,-13.03,remaining,assets/css/components/layout/marketplace-index-parity-contract.css
resultados.html,608x926,section-headers,.results-related__header,gap,18,10,10,-8,-8,remaining,assets/css/components/layout/marketplace-index-parity-contract.css
resultados.html,608x926,section-headers,.results-related__header,box.height,46,32.97,32.97,-13.03,-13.03,remaining,assets/css/components/layout/marketplace-index-parity-contract.css
resultados.html,608x926,section-headers,.results-related__header,gap,18,10,10,-8,-8,remaining,assets/css/components/layout/marketplace-index-parity-contract.css
detalhe-anuncio.html,608x926,doke-ad-card,[data-similar-ads-grid] > .doke-ad-card,textClipped,false,true,true,clipped,clipped,remaining,assets/css/components/layout/marketplace-index-parity-contract.css
detalhe-anuncio.html,608x926,doke-ad-card,[data-similar-ads-grid] > .doke-ad-card,textClipped,false,true,true,clipped,clipped,remaining,assets/css/components/layout/marketplace-index-parity-contract.css
detalhe-anuncio.html,608x926,doke-ad-card,[data-similar-ads-grid] > .doke-ad-card,textClipped,false,true,true,clipped,clipped,remaining,assets/css/components/layout/marketplace-index-parity-contract.css
detalhe-anuncio.html,608x926,section-headers,.detail-section__header,box.width,572,522,522,-50,-50,remaining,assets/css/components/layout/marketplace-index-parity-contract.css
detalhe-anuncio.html,608x926,section-headers,.detail-section__header,box.height,46,34.03,34.03,-11.97,-11.97,remaining,assets/css/components/layout/marketplace-index-parity-contract.css
detalhe-anuncio.html,608x926,section-headers,.detail-section__header,gap,18,10,10,-8,-8,remaining,assets/css/components/layout/marketplace-index-parity-contract.css
detalhe-anuncio.html,608x926,section-headers,.detail-section__header,box.width,572,522,522,-50,-50,remaining,assets/css/components/layout/marketplace-index-parity-contract.css
detalhe-anuncio.html,608x926,section-headers,.detail-section__header,box.height,46,32,32,-14,-14,remaining,assets/css/components/layout/marketplace-index-parity-contract.css
detalhe-anuncio.html,608x926,section-headers,.detail-section__header,gap,18,10,10,-8,-8,remaining,assets/css/components/layout/marketplace-index-parity-contract.css
detalhe-anuncio.html,608x926,rails/containers,.ad-detail-shell,textClipped,false,true,true,clipped,clipped,remaining,assets/css/components/layout/marketplace-index-parity-contract.css
comunidade.html,608x926,filter-pills,.communities-filter,box.height,21.31,38,21.31,16.69,0,fixed,assets/css/components/layout/marketplace-index-parity-contract.css
comunidade.html,608x926,filter-pills,.communities-filter,padding.left,6,14,6,8,0,fixed,assets/css/components/layout/marketplace-index-parity-contract.css
comunidade.html,608x926,filter-pills,.communities-filter,padding.right,6,14,6,8,0,fixed,assets/css/components/layout/marketplace-index-parity-contract.css
comunidade.html,608x926,filter-pills,.communities-filter,radius,0,999,0,999,0,fixed,assets/css/components/layout/marketplace-index-parity-contract.css
comunidade.html,608x926,filter-pills,.communities-filter,lineHeight,15.33,0,15.33,-15.33,0,fixed,assets/css/components/layout/marketplace-index-parity-contract.css
comunidade.html,608x926,filter-pills,.communities-filter,gap,0,8,8,8,8,remaining,assets/css/components/layout/marketplace-index-parity-contract.css
comunidade.html,608x926,filter-pills,.communities-filter,box.height,21.31,38,21.31,16.69,0,fixed,assets/css/components/layout/marketplace-index-parity-contract.css
comunidade.html,608x926,filter-pills,.communities-filter,padding.left,6,14,6,8,0,fixed,assets/css/components/layout/marketplace-index-parity-contract.css
comunidade.html,608x926,filter-pills,.communities-filter,padding.right,6,14,6,8,0,fixed,assets/css/components/layout/marketplace-index-parity-contract.css
comunidade.html,608x926,filter-pills,.communities-filter,radius,0,999,0,999,0,fixed,assets/css/components/layout/marketplace-index-parity-contract.css
comunidade.html,608x926,filter-pills,.communities-filter,lineHeight,15.33,0,15.33,-15.33,0,fixed,assets/css/components/layout/marketplace-index-parity-contract.css
comunidade.html,608x926,filter-pills,.communities-filter,gap,0,8,8,8,8,remaining,assets/css/components/layout/marketplace-index-parity-contract.css
comunidade.html,608x926,filter-pills,.communities-filter,box.height,21.31,38,21.31,16.69,0,fixed,assets/css/components/layout/marketplace-index-parity-contract.css
comunidade.html,608x926,filter-pills,.communities-filter,padding.left,6,14,6,8,0,fixed,assets/css/components/layout/marketplace-index-parity-contract.css
comunidade.html,608x926,filter-pills,.communities-filter,padding.right,6,14,6,8,0,fixed,assets/css/components/layout/marketplace-index-parity-contract.css
comunidade.html,608x926,filter-pills,.communities-filter,radius,0,999,0,999,0,fixed,assets/css/components/layout/marketplace-index-parity-contract.css
comunidade.html,608x926,filter-pills,.communities-filter,lineHeight,15.33,0,15.33,-15.33,0,fixed,assets/css/components/layout/marketplace-index-parity-contract.css
comunidade.html,608x926,filter-pills,.communities-filter,gap,0,8,8,8,8,remaining,assets/css/components/layout/marketplace-index-parity-contract.css
comunidade.html,608x926,section-headers,.communities-v2-section__heading,box.height,46,32,32,-14,-14,remaining,assets/css/components/layout/marketplace-index-parity-contract.css
comunidade.html,608x926,section-headers,.communities-v2-section__heading,gap,18,12,12,-6,-6,remaining,assets/css/components/layout/marketplace-index-parity-contract.css
comunidade.html,608x926,section-headers,.communities-v2-section__heading,box.height,46,32,32,-14,-14,remaining,assets/css/components/layout/marketplace-index-parity-contract.css
comunidade.html,608x926,section-headers,.communities-v2-section__heading,gap,18,12,12,-6,-6,remaining,assets/css/components/layout/marketplace-index-parity-contract.css
resultados.html,810x1080,doke-ad-card,.results-grid > .doke-ad-card,box.width,230.78,481.39,230.78,250.61,0,fixed,assets/css/components/layout/marketplace-index-parity-contract.css
resultados.html,810x1080,doke-ad-card,.results-grid > .doke-ad-card,media.height,137.69,148,104,10.31,-33.69,remaining,assets/css/components/layout/marketplace-index-parity-contract.css
resultados.html,810x1080,doke-ad-card,.results-grid > .doke-ad-card,textClipped,false,true,true,clipped,clipped,remaining,assets/css/components/layout/marketplace-index-parity-contract.css
resultados.html,810x1080,doke-ad-card,.results-grid > .doke-ad-card,box.width,230.78,481.39,230.78,250.61,0,fixed,assets/css/components/layout/marketplace-index-parity-contract.css
resultados.html,810x1080,doke-ad-card,.results-grid > .doke-ad-card,media.height,137.69,148,104,10.31,-33.69,remaining,assets/css/components/layout/marketplace-index-parity-contract.css
resultados.html,810x1080,doke-ad-card,.results-grid > .doke-ad-card,textClipped,false,true,true,clipped,clipped,remaining,assets/css/components/layout/marketplace-index-parity-contract.css
resultados.html,810x1080,doke-ad-card,.results-grid > .doke-ad-card,box.width,230.78,481.39,230.78,250.61,0,fixed,assets/css/components/layout/marketplace-index-parity-contract.css
resultados.html,810x1080,doke-ad-card,.results-grid > .doke-ad-card,media.height,137.69,148,104,10.31,-33.69,remaining,assets/css/components/layout/marketplace-index-parity-contract.css
resultados.html,810x1080,doke-ad-card,.results-grid > .doke-ad-card,textClipped,false,true,true,clipped,clipped,remaining,assets/css/components/layout/marketplace-index-parity-contract.css
resultados.html,810x1080,publication-card,.results-before-after-grid > .publication-card,box.width,348.3,481.39,231.69,133.09,-116.61,remaining,assets/css/components/layout/marketplace-index-parity-contract.css
resultados.html,810x1080,publication-card,.results-before-after-grid > .publication-card,box.height,308,1717.72,308,1409.72,0,fixed,assets/css/components/layout/marketplace-index-parity-contract.css
resultados.html,810x1080,publication-card,.results-before-after-grid > .publication-card,media.height,164,178,164,14,0,fixed,assets/css/components/layout/marketplace-index-parity-contract.css
resultados.html,810x1080,publication-card,.results-before-after-grid > .publication-card,overflow.selfX,0,24,24,24,24,remaining,assets/css/components/layout/marketplace-index-parity-contract.css
resultados.html,810x1080,publication-card,.results-before-after-grid > .publication-card,box.width,348.3,481.39,231.7,133.09,-116.6,remaining,assets/css/components/layout/marketplace-index-parity-contract.css
resultados.html,810x1080,publication-card,.results-before-after-grid > .publication-card,box.height,308,1717.72,308,1409.72,0,fixed,assets/css/components/layout/marketplace-index-parity-contract.css
resultados.html,810x1080,publication-card,.results-before-after-grid > .publication-card,media.height,164,178,164,14,0,fixed,assets/css/components/layout/marketplace-index-parity-contract.css
resultados.html,810x1080,publication-card,.results-before-after-grid > .publication-card,overflow.selfX,0,24,24,24,24,remaining,assets/css/components/layout/marketplace-index-parity-contract.css
resultados.html,810x1080,publication-card,.results-before-after-grid > .publication-card,box.width,348.3,481.39,231.69,133.09,-116.61,remaining,assets/css/components/layout/marketplace-index-parity-contract.css
resultados.html,810x1080,publication-card,.results-before-after-grid > .publication-card,box.height,308,1717.72,308,1409.72,0,fixed,assets/css/components/layout/marketplace-index-parity-contract.css
resultados.html,810x1080,publication-card,.results-before-after-grid > .publication-card,media.height,164,178,164,14,0,fixed,assets/css/components/layout/marketplace-index-parity-contract.css
resultados.html,810x1080,publication-card,.results-before-after-grid > .publication-card,overflow.selfX,0,24,24,24,24,remaining,assets/css/components/layout/marketplace-index-parity-contract.css
resultados.html,810x1080,worker/video-card,.results-videos-grid > .video-card,box.width,106.84,481.39,231.69,374.55,124.85,remaining,assets/css/components/layout/marketplace-index-parity-contract.css
resultados.html,810x1080,worker/video-card,.results-videos-grid > .video-card,box.height,189.97,855.8,411.88,665.83,221.91,remaining,assets/css/components/layout/marketplace-index-parity-contract.css
resultados.html,810x1080,worker/video-card,.results-videos-grid > .video-card,box.width,106.84,481.39,231.7,374.55,124.86,remaining,assets/css/components/layout/marketplace-index-parity-contract.css
resultados.html,810x1080,worker/video-card,.results-videos-grid > .video-card,box.height,189.97,855.8,411.91,665.83,221.94,remaining,assets/css/components/layout/marketplace-index-parity-contract.css
resultados.html,810x1080,worker/video-card,.results-videos-grid > .video-card,box.width,106.84,481.39,231.69,374.55,124.85,remaining,assets/css/components/layout/marketplace-index-parity-contract.css
resultados.html,810x1080,worker/video-card,.results-videos-grid > .video-card,box.height,189.97,855.8,411.88,665.83,221.91,remaining,assets/css/components/layout/marketplace-index-parity-contract.css
resultados.html,810x1080,filter-pills,".search-scope__option span, .search-scope__filter-toggle",box.height,46,17,15,-29,-31,remaining,assets/css/components/layout/marketplace-index-parity-contract.css
resultados.html,810x1080,filter-pills,".search-scope__option span, .search-scope__filter-toggle",padding.left,14,0,14,-14,0,fixed,assets/css/components/layout/marketplace-index-parity-contract.css
resultados.html,810x1080,filter-pills,".search-scope__option span, .search-scope__filter-toggle",padding.right,14,0,14,-14,0,fixed,assets/css/components/layout/marketplace-index-parity-contract.css
resultados.html,810x1080,filter-pills,".search-scope__option span, .search-scope__filter-toggle",fontSize,13.33,16,13.33,2.67,0,fixed,assets/css/components/layout/marketplace-index-parity-contract.css
resultados.html,810x1080,filter-pills,".search-scope__option span, .search-scope__filter-toggle",lineHeight,15.33,0,15.33,-15.33,0,fixed,assets/css/components/layout/marketplace-index-parity-contract.css
resultados.html,810x1080,filter-pills,".search-scope__option span, .search-scope__filter-toggle",box.height,46,17,15,-29,-31,remaining,assets/css/components/layout/marketplace-index-parity-contract.css
resultados.html,810x1080,filter-pills,".search-scope__option span, .search-scope__filter-toggle",padding.left,14,0,14,-14,0,fixed,assets/css/components/layout/marketplace-index-parity-contract.css
resultados.html,810x1080,filter-pills,".search-scope__option span, .search-scope__filter-toggle",padding.right,14,0,14,-14,0,fixed,assets/css/components/layout/marketplace-index-parity-contract.css
resultados.html,810x1080,filter-pills,".search-scope__option span, .search-scope__filter-toggle",fontSize,13.33,16,13.33,2.67,0,fixed,assets/css/components/layout/marketplace-index-parity-contract.css
resultados.html,810x1080,filter-pills,".search-scope__option span, .search-scope__filter-toggle",lineHeight,15.33,0,15.33,-15.33,0,fixed,assets/css/components/layout/marketplace-index-parity-contract.css
resultados.html,810x1080,filter-pills,".search-scope__option span, .search-scope__filter-toggle",box.height,46,17,15,-29,-31,remaining,assets/css/components/layout/marketplace-index-parity-contract.css
resultados.html,810x1080,filter-pills,".search-scope__option span, .search-scope__filter-toggle",padding.left,14,0,14,-14,0,fixed,assets/css/components/layout/marketplace-index-parity-contract.css
resultados.html,810x1080,filter-pills,".search-scope__option span, .search-scope__filter-toggle",padding.right,14,0,14,-14,0,fixed,assets/css/components/layout/marketplace-index-parity-contract.css
resultados.html,810x1080,filter-pills,".search-scope__option span, .search-scope__filter-toggle",fontSize,13.33,16,13.33,2.67,0,fixed,assets/css/components/layout/marketplace-index-parity-contract.css
resultados.html,810x1080,filter-pills,".search-scope__option span, .search-scope__filter-toggle",lineHeight,15.33,0,15.33,-15.33,0,fixed,assets/css/components/layout/marketplace-index-parity-contract.css
resultados.html,810x1080,section-headers,.results-related__header,box.height,48,32.97,32.97,-15.03,-15.03,remaining,assets/css/components/layout/marketplace-index-parity-contract.css
resultados.html,810x1080,section-headers,.results-related__header,gap,18,11.34,11.34,-6.66,-6.66,remaining,assets/css/components/layout/marketplace-index-parity-contract.css
resultados.html,810x1080,section-headers,.results-related__header,box.height,48,32.97,32.97,-15.03,-15.03,remaining,assets/css/components/layout/marketplace-index-parity-contract.css
resultados.html,810x1080,section-headers,.results-related__header,gap,18,11.34,11.34,-6.66,-6.66,remaining,assets/css/components/layout/marketplace-index-parity-contract.css
resultados.html,810x1080,rails/containers,.search-results-workspace,box.x,164.3,304.3,304.3,140,140,remaining,assets/css/components/layout/marketplace-index-parity-contract.css
resultados.html,810x1080,rails/containers,.search-results-workspace,textClipped,false,true,true,clipped,clipped,remaining,assets/css/components/layout/marketplace-index-parity-contract.css
detalhe-anuncio.html,810x1080,doke-ad-card,[data-similar-ads-grid] > .doke-ad-card,textClipped,false,true,true,clipped,clipped,remaining,assets/css/components/layout/marketplace-index-parity-contract.css
detalhe-anuncio.html,810x1080,doke-ad-card,[data-similar-ads-grid] > .doke-ad-card,textClipped,false,true,true,clipped,clipped,remaining,assets/css/components/layout/marketplace-index-parity-contract.css
detalhe-anuncio.html,810x1080,doke-ad-card,[data-similar-ads-grid] > .doke-ad-card,textClipped,false,true,true,clipped,clipped,remaining,assets/css/components/layout/marketplace-index-parity-contract.css
detalhe-anuncio.html,810x1080,section-headers,.detail-section__header,box.width,481.39,439.38,439.38,-42.01,-42.01,remaining,assets/css/components/layout/marketplace-index-parity-contract.css
detalhe-anuncio.html,810x1080,section-headers,.detail-section__header,box.height,48,34.03,34.03,-13.97,-13.97,remaining,assets/css/components/layout/marketplace-index-parity-contract.css
detalhe-anuncio.html,810x1080,section-headers,.detail-section__header,gap,18,11.34,11.34,-6.66,-6.66,remaining,assets/css/components/layout/marketplace-index-parity-contract.css
detalhe-anuncio.html,810x1080,section-headers,.detail-section__header,box.width,481.39,439.38,439.38,-42.01,-42.01,remaining,assets/css/components/layout/marketplace-index-parity-contract.css
detalhe-anuncio.html,810x1080,section-headers,.detail-section__header,box.height,48,32,32,-16,-16,remaining,assets/css/components/layout/marketplace-index-parity-contract.css
detalhe-anuncio.html,810x1080,section-headers,.detail-section__header,gap,18,11.34,11.34,-6.66,-6.66,remaining,assets/css/components/layout/marketplace-index-parity-contract.css
detalhe-anuncio.html,810x1080,rails/containers,.ad-detail-shell,overflow.selfX,0,12,12,12,12,remaining,assets/css/components/layout/marketplace-index-parity-contract.css
detalhe-anuncio.html,810x1080,rails/containers,.ad-detail-shell,textClipped,false,true,true,clipped,clipped,remaining,assets/css/components/layout/marketplace-index-parity-contract.css
perfil.html,810x1080,doke-ad-card,[data-profile-services-grid] > .doke-ad-card,box.width,230.78,481.39,230.78,250.61,0,fixed,assets/css/components/layout/marketplace-index-parity-contract.css
perfil.html,810x1080,doke-ad-card,[data-profile-services-grid] > .doke-ad-card,media.height,137.69,96,96,-41.69,-41.69,remaining,assets/css/components/layout/marketplace-index-parity-contract.css
perfil.html,810x1080,doke-ad-card,[data-profile-services-grid] > .doke-ad-card,media.aspectRatio,1.66,4.99,1.66,3.33,0,fixed,assets/css/components/layout/marketplace-index-parity-contract.css
perfil.html,810x1080,doke-ad-card,[data-profile-services-grid] > .doke-ad-card,textClipped,false,true,true,clipped,clipped,remaining,assets/css/components/layout/marketplace-index-parity-contract.css
perfil.html,810x1080,doke-ad-card,[data-profile-services-grid] > .doke-ad-card,box.width,230.78,481.39,230.78,250.61,0,fixed,assets/css/components/layout/marketplace-index-parity-contract.css
perfil.html,810x1080,doke-ad-card,[data-profile-services-grid] > .doke-ad-card,media.height,137.69,96,96,-41.69,-41.69,remaining,assets/css/components/layout/marketplace-index-parity-contract.css
perfil.html,810x1080,doke-ad-card,[data-profile-services-grid] > .doke-ad-card,media.aspectRatio,1.66,4.99,1.66,3.33,0,fixed,assets/css/components/layout/marketplace-index-parity-contract.css
perfil.html,810x1080,doke-ad-card,[data-profile-services-grid] > .doke-ad-card,textClipped,false,true,true,clipped,clipped,remaining,assets/css/components/layout/marketplace-index-parity-contract.css
perfil.html,810x1080,doke-ad-card,[data-profile-services-grid] > .doke-ad-card,box.width,230.78,481.39,230.78,250.61,0,fixed,assets/css/components/layout/marketplace-index-parity-contract.css
perfil.html,810x1080,doke-ad-card,[data-profile-services-grid] > .doke-ad-card,media.height,137.69,96,96,-41.69,-41.69,remaining,assets/css/components/layout/marketplace-index-parity-contract.css
perfil.html,810x1080,doke-ad-card,[data-profile-services-grid] > .doke-ad-card,media.aspectRatio,1.66,4.99,1.66,3.33,0,fixed,assets/css/components/layout/marketplace-index-parity-contract.css
perfil.html,810x1080,doke-ad-card,[data-profile-services-grid] > .doke-ad-card,textClipped,false,true,true,clipped,clipped,remaining,assets/css/components/layout/marketplace-index-parity-contract.css
perfil.html,810x1080,publication-card,[data-profile-posts-grid] > .publication-card,box.width,348.3,231.69,231.69,-116.61,-116.61,remaining,assets/css/components/layout/marketplace-index-parity-contract.css
perfil.html,810x1080,publication-card,[data-profile-posts-grid] > .publication-card,box.height,308,287.33,287.33,-20.67,-20.67,remaining,assets/css/components/layout/marketplace-index-parity-contract.css
perfil.html,810x1080,publication-card,[data-profile-posts-grid] > .publication-card,radius,22,0,22,-22,0,fixed,assets/css/components/layout/marketplace-index-parity-contract.css
perfil.html,810x1080,publication-card,[data-profile-posts-grid] > .publication-card,box.width,348.3,231.7,231.7,-116.6,-116.6,remaining,assets/css/components/layout/marketplace-index-parity-contract.css
perfil.html,810x1080,publication-card,[data-profile-posts-grid] > .publication-card,box.height,308,287.33,287.33,-20.67,-20.67,remaining,assets/css/components/layout/marketplace-index-parity-contract.css
perfil.html,810x1080,publication-card,[data-profile-posts-grid] > .publication-card,radius,22,0,22,-22,0,fixed,assets/css/components/layout/marketplace-index-parity-contract.css
perfil.html,810x1080,publication-card,[data-profile-posts-grid] > .publication-card,box.width,348.3,231.69,231.69,-116.61,-116.61,remaining,assets/css/components/layout/marketplace-index-parity-contract.css
perfil.html,810x1080,publication-card,[data-profile-posts-grid] > .publication-card,box.height,308,287.33,287.33,-20.67,-20.67,remaining,assets/css/components/layout/marketplace-index-parity-contract.css
perfil.html,810x1080,publication-card,[data-profile-posts-grid] > .publication-card,radius,22,0,22,-22,0,fixed,assets/css/components/layout/marketplace-index-parity-contract.css
perfil.html,810x1080,worker/video-card,[data-profile-workers-grid] > .video-card,box.width,106.84,481.39,231.69,374.55,124.85,remaining,assets/css/components/layout/marketplace-index-parity-contract.css
perfil.html,810x1080,worker/video-card,[data-profile-workers-grid] > .video-card,box.height,189.97,855.8,411.88,665.83,221.91,remaining,assets/css/components/layout/marketplace-index-parity-contract.css
perfil.html,810x1080,worker/video-card,[data-profile-workers-grid] > .video-card,box.width,106.84,481.39,231.7,374.55,124.86,remaining,assets/css/components/layout/marketplace-index-parity-contract.css
perfil.html,810x1080,worker/video-card,[data-profile-workers-grid] > .video-card,box.height,189.97,855.8,411.91,665.83,221.94,remaining,assets/css/components/layout/marketplace-index-parity-contract.css
perfil.html,810x1080,worker/video-card,[data-profile-workers-grid] > .video-card,box.width,106.84,481.39,231.69,374.55,124.85,remaining,assets/css/components/layout/marketplace-index-parity-contract.css
perfil.html,810x1080,worker/video-card,[data-profile-workers-grid] > .video-card,box.height,189.97,855.8,411.88,665.83,221.91,remaining,assets/css/components/layout/marketplace-index-parity-contract.css
perfil.html,810x1080,section-headers,.profile-section-heading,box.height,48,32,32,-16,-16,remaining,assets/css/components/layout/marketplace-index-parity-contract.css
perfil.html,810x1080,section-headers,.profile-section-heading,gap,18,11.34,11.34,-6.66,-6.66,remaining,assets/css/components/layout/marketplace-index-parity-contract.css
perfil.html,810x1080,section-headers,.profile-section-heading,box.height,48,32,32,-16,-16,remaining,assets/css/components/layout/marketplace-index-parity-contract.css
perfil.html,810x1080,section-headers,.profile-section-heading,gap,18,11.34,11.34,-6.66,-6.66,remaining,assets/css/components/layout/marketplace-index-parity-contract.css
perfil.html,810x1080,section-headers,.profile-section-heading,box.height,48,32,32,-16,-16,remaining,assets/css/components/layout/marketplace-index-parity-contract.css
perfil.html,810x1080,section-headers,.profile-section-heading,gap,18,11.34,11.34,-6.66,-6.66,remaining,assets/css/components/layout/marketplace-index-parity-contract.css
perfil.html,810x1080,rails/containers,.profile-shell-content,textClipped,false,true,true,clipped,clipped,remaining,assets/css/components/layout/marketplace-index-parity-contract.css
comunidade.html,810x1080,filter-pills,.communities-filter,padding.left,14,6,14,-8,0,fixed,assets/css/components/layout/marketplace-index-parity-contract.css
comunidade.html,810x1080,filter-pills,.communities-filter,padding.right,14,6,14,-8,0,fixed,assets/css/components/layout/marketplace-index-parity-contract.css
comunidade.html,810x1080,filter-pills,.communities-filter,radius,0,16,0,16,0,fixed,assets/css/components/layout/marketplace-index-parity-contract.css
comunidade.html,810x1080,filter-pills,.communities-filter,fontSize,13.33,16,13.33,2.67,0,fixed,assets/css/components/layout/marketplace-index-parity-contract.css
comunidade.html,810x1080,filter-pills,.communities-filter,lineHeight,15.33,0,15.33,-15.33,0,fixed,assets/css/components/layout/marketplace-index-parity-contract.css
comunidade.html,810x1080,filter-pills,.communities-filter,padding.left,14,6,14,-8,0,fixed,assets/css/components/layout/marketplace-index-parity-contract.css
comunidade.html,810x1080,filter-pills,.communities-filter,padding.right,14,6,14,-8,0,fixed,assets/css/components/layout/marketplace-index-parity-contract.css
comunidade.html,810x1080,filter-pills,.communities-filter,radius,0,16,0,16,0,fixed,assets/css/components/layout/marketplace-index-parity-contract.css
comunidade.html,810x1080,filter-pills,.communities-filter,fontSize,13.33,16,13.33,2.67,0,fixed,assets/css/components/layout/marketplace-index-parity-contract.css
comunidade.html,810x1080,filter-pills,.communities-filter,lineHeight,15.33,0,15.33,-15.33,0,fixed,assets/css/components/layout/marketplace-index-parity-contract.css
comunidade.html,810x1080,filter-pills,.communities-filter,padding.left,14,6,14,-8,0,fixed,assets/css/components/layout/marketplace-index-parity-contract.css
comunidade.html,810x1080,filter-pills,.communities-filter,padding.right,14,6,14,-8,0,fixed,assets/css/components/layout/marketplace-index-parity-contract.css
comunidade.html,810x1080,filter-pills,.communities-filter,radius,0,16,0,16,0,fixed,assets/css/components/layout/marketplace-index-parity-contract.css
comunidade.html,810x1080,filter-pills,.communities-filter,fontSize,13.33,16,13.33,2.67,0,fixed,assets/css/components/layout/marketplace-index-parity-contract.css
comunidade.html,810x1080,filter-pills,.communities-filter,lineHeight,15.33,0,15.33,-15.33,0,fixed,assets/css/components/layout/marketplace-index-parity-contract.css
comunidade.html,810x1080,section-headers,.communities-v2-section__heading,box.height,48,32,32,-16,-16,remaining,assets/css/components/layout/marketplace-index-parity-contract.css
comunidade.html,810x1080,section-headers,.communities-v2-section__heading,gap,18,11.34,11.34,-6.66,-6.66,remaining,assets/css/components/layout/marketplace-index-parity-contract.css
comunidade.html,810x1080,section-headers,.communities-v2-section__heading,box.height,48,57.02,57.02,9.02,9.02,remaining,assets/css/components/layout/marketplace-index-parity-contract.css
comunidade.html,810x1080,section-headers,.communities-v2-section__heading,gap,18,11.34,11.34,-6.66,-6.66,remaining,assets/css/components/layout/marketplace-index-parity-contract.css
comunidade.html,810x1080,rails/containers,.communities-v2-shell,box.x,164.3,304.3,304.3,140,140,remaining,assets/css/components/layout/marketplace-index-parity-contract.css
resultados.html,1280x800,doke-ad-card,.results-grid > .doke-ad-card,box.width,292,904,289.33,612,-2.67,remaining,assets/css/components/layout/marketplace-index-parity-contract.css
resultados.html,1280x800,doke-ad-card,.results-grid > .doke-ad-card,box.height,576.86,1193.06,576.86,616.2,0,fixed,assets/css/components/layout/marketplace-index-parity-contract.css
resultados.html,1280x800,doke-ad-card,.results-grid > .doke-ad-card,media.aspectRatio,1.89,5.89,1.89,4,0,fixed,assets/css/components/layout/marketplace-index-parity-contract.css
resultados.html,1280x800,doke-ad-card,.results-grid > .doke-ad-card,overflow.selfX,0,164,0,164,0,fixed,assets/css/components/layout/marketplace-index-parity-contract.css
resultados.html,1280x800,doke-ad-card,.results-grid > .doke-ad-card,box.width,292,904,289.33,612,-2.67,remaining,assets/css/components/layout/marketplace-index-parity-contract.css
resultados.html,1280x800,doke-ad-card,.results-grid > .doke-ad-card,box.height,576.86,1193.06,576.86,616.2,0,fixed,assets/css/components/layout/marketplace-index-parity-contract.css
resultados.html,1280x800,doke-ad-card,.results-grid > .doke-ad-card,media.aspectRatio,1.89,5.89,1.89,4,0,fixed,assets/css/components/layout/marketplace-index-parity-contract.css
resultados.html,1280x800,doke-ad-card,.results-grid > .doke-ad-card,overflow.selfX,0,164,0,164,0,fixed,assets/css/components/layout/marketplace-index-parity-contract.css
resultados.html,1280x800,doke-ad-card,.results-grid > .doke-ad-card,box.width,292,904,289.34,612,-2.66,remaining,assets/css/components/layout/marketplace-index-parity-contract.css
resultados.html,1280x800,doke-ad-card,.results-grid > .doke-ad-card,box.height,576.86,1193.06,576.86,616.2,0,fixed,assets/css/components/layout/marketplace-index-parity-contract.css
resultados.html,1280x800,doke-ad-card,.results-grid > .doke-ad-card,media.aspectRatio,1.89,5.89,1.89,4,0,fixed,assets/css/components/layout/marketplace-index-parity-contract.css
resultados.html,1280x800,doke-ad-card,.results-grid > .doke-ad-card,overflow.selfX,0,164,0,164,0,fixed,assets/css/components/layout/marketplace-index-parity-contract.css
resultados.html,1280x800,publication-card,.results-before-after-grid > .publication-card,box.width,292,904,289.33,612,-2.67,remaining,assets/css/components/layout/marketplace-index-parity-contract.css
resultados.html,1280x800,publication-card,.results-before-after-grid > .publication-card,box.height,334.02,3063.55,1219.58,2729.53,885.56,remaining,assets/css/components/layout/marketplace-index-parity-contract.css
resultados.html,1280x800,publication-card,.results-before-after-grid > .publication-card,media.height,198.39,256,256,57.61,57.61,remaining,assets/css/components/layout/marketplace-index-parity-contract.css
resultados.html,1280x800,publication-card,.results-before-after-grid > .publication-card,media.aspectRatio,1.46,3.53,1.46,2.07,0,fixed,assets/css/components/layout/marketplace-index-parity-contract.css
resultados.html,1280x800,publication-card,.results-before-after-grid > .publication-card,overflow.selfX,0,24,24,24,24,remaining,assets/css/components/layout/marketplace-index-parity-contract.css
resultados.html,1280x800,publication-card,.results-before-after-grid > .publication-card,box.width,292,904,289.33,612,-2.67,remaining,assets/css/components/layout/marketplace-index-parity-contract.css
resultados.html,1280x800,publication-card,.results-before-after-grid > .publication-card,box.height,334.02,3063.55,1219.58,2729.53,885.56,remaining,assets/css/components/layout/marketplace-index-parity-contract.css
resultados.html,1280x800,publication-card,.results-before-after-grid > .publication-card,media.height,198.39,256,256,57.61,57.61,remaining,assets/css/components/layout/marketplace-index-parity-contract.css
resultados.html,1280x800,publication-card,.results-before-after-grid > .publication-card,media.aspectRatio,1.46,3.53,1.46,2.07,0,fixed,assets/css/components/layout/marketplace-index-parity-contract.css
resultados.html,1280x800,publication-card,.results-before-after-grid > .publication-card,overflow.selfX,0,24,24,24,24,remaining,assets/css/components/layout/marketplace-index-parity-contract.css
resultados.html,1280x800,publication-card,.results-before-after-grid > .publication-card,box.width,292,904,289.34,612,-2.66,remaining,assets/css/components/layout/marketplace-index-parity-contract.css
resultados.html,1280x800,publication-card,.results-before-after-grid > .publication-card,box.height,334.02,3063.55,1219.58,2729.53,885.56,remaining,assets/css/components/layout/marketplace-index-parity-contract.css
resultados.html,1280x800,publication-card,.results-before-after-grid > .publication-card,media.height,198.39,256,256,57.61,57.61,remaining,assets/css/components/layout/marketplace-index-parity-contract.css
resultados.html,1280x800,publication-card,.results-before-after-grid > .publication-card,media.aspectRatio,1.46,3.53,1.46,2.07,0,fixed,assets/css/components/layout/marketplace-index-parity-contract.css
resultados.html,1280x800,publication-card,.results-before-after-grid > .publication-card,overflow.selfX,0,24,24,24,24,remaining,assets/css/components/layout/marketplace-index-parity-contract.css
resultados.html,1280x800,worker/video-card,.results-videos-grid > .video-card,box.width,214.5,904,289.33,689.5,74.83,remaining,assets/css/components/layout/marketplace-index-parity-contract.css
resultados.html,1280x800,worker/video-card,.results-videos-grid > .video-card,box.height,381.33,1607.11,514.36,1225.78,133.03,remaining,assets/css/components/layout/marketplace-index-parity-contract.css
resultados.html,1280x800,worker/video-card,.results-videos-grid > .video-card,box.width,214.5,904,289.33,689.5,74.83,remaining,assets/css/components/layout/marketplace-index-parity-contract.css
resultados.html,1280x800,worker/video-card,.results-videos-grid > .video-card,box.height,381.33,1607.11,514.36,1225.78,133.03,remaining,assets/css/components/layout/marketplace-index-parity-contract.css
resultados.html,1280x800,worker/video-card,.results-videos-grid > .video-card,box.width,214.5,904,289.34,689.5,74.84,remaining,assets/css/components/layout/marketplace-index-parity-contract.css
resultados.html,1280x800,worker/video-card,.results-videos-grid > .video-card,box.height,381.33,1607.11,514.38,1225.78,133.05,remaining,assets/css/components/layout/marketplace-index-parity-contract.css
resultados.html,1280x800,filter-pills,".search-scope__option span, .search-scope__filter-toggle",box.height,46,17,15,-29,-31,remaining,assets/css/components/layout/marketplace-index-parity-contract.css
resultados.html,1280x800,filter-pills,".search-scope__option span, .search-scope__filter-toggle",padding.left,14,0,14,-14,0,fixed,assets/css/components/layout/marketplace-index-parity-contract.css
resultados.html,1280x800,filter-pills,".search-scope__option span, .search-scope__filter-toggle",padding.right,14,0,14,-14,0,fixed,assets/css/components/layout/marketplace-index-parity-contract.css
resultados.html,1280x800,filter-pills,".search-scope__option span, .search-scope__filter-toggle",fontSize,13.33,16,13.33,2.67,0,fixed,assets/css/components/layout/marketplace-index-parity-contract.css
resultados.html,1280x800,filter-pills,".search-scope__option span, .search-scope__filter-toggle",lineHeight,15.33,0,15.33,-15.33,0,fixed,assets/css/components/layout/marketplace-index-parity-contract.css
resultados.html,1280x800,filter-pills,".search-scope__option span, .search-scope__filter-toggle",box.height,46,17,15,-29,-31,remaining,assets/css/components/layout/marketplace-index-parity-contract.css
resultados.html,1280x800,filter-pills,".search-scope__option span, .search-scope__filter-toggle",padding.left,14,0,14,-14,0,fixed,assets/css/components/layout/marketplace-index-parity-contract.css
resultados.html,1280x800,filter-pills,".search-scope__option span, .search-scope__filter-toggle",padding.right,14,0,14,-14,0,fixed,assets/css/components/layout/marketplace-index-parity-contract.css
resultados.html,1280x800,filter-pills,".search-scope__option span, .search-scope__filter-toggle",fontSize,13.33,16,13.33,2.67,0,fixed,assets/css/components/layout/marketplace-index-parity-contract.css
resultados.html,1280x800,filter-pills,".search-scope__option span, .search-scope__filter-toggle",lineHeight,15.33,0,15.33,-15.33,0,fixed,assets/css/components/layout/marketplace-index-parity-contract.css
resultados.html,1280x800,filter-pills,".search-scope__option span, .search-scope__filter-toggle",box.height,46,17,15,-29,-31,remaining,assets/css/components/layout/marketplace-index-parity-contract.css
resultados.html,1280x800,filter-pills,".search-scope__option span, .search-scope__filter-toggle",padding.left,14,0,14,-14,0,fixed,assets/css/components/layout/marketplace-index-parity-contract.css
resultados.html,1280x800,filter-pills,".search-scope__option span, .search-scope__filter-toggle",padding.right,14,0,14,-14,0,fixed,assets/css/components/layout/marketplace-index-parity-contract.css
resultados.html,1280x800,filter-pills,".search-scope__option span, .search-scope__filter-toggle",fontSize,13.33,16,13.33,2.67,0,fixed,assets/css/components/layout/marketplace-index-parity-contract.css
resultados.html,1280x800,filter-pills,".search-scope__option span, .search-scope__filter-toggle",lineHeight,15.33,0,15.33,-15.33,0,fixed,assets/css/components/layout/marketplace-index-parity-contract.css
resultados.html,1280x800,section-headers,.results-related__header,box.width,912,904,904,-8,-8,remaining,assets/css/components/layout/marketplace-index-parity-contract.css
resultados.html,1280x800,section-headers,.results-related__header,box.width,912,904,904,-8,-8,remaining,assets/css/components/layout/marketplace-index-parity-contract.css
resultados.html,1280x800,rails/containers,.search-results-workspace,box.x,320,328,328,8,8,remaining,assets/css/components/layout/marketplace-index-parity-contract.css
resultados.html,1280x800,rails/containers,.search-results-workspace,box.width,912,904,904,-8,-8,remaining,assets/css/components/layout/marketplace-index-parity-contract.css
detalhe-anuncio.html,1280x800,doke-ad-card,[data-similar-ads-grid] > .doke-ad-card,box.width,292,260.61,260.61,-31.39,-31.39,remaining,assets/css/components/layout/marketplace-index-parity-contract.css
detalhe-anuncio.html,1280x800,doke-ad-card,[data-similar-ads-grid] > .doke-ad-card,box.height,576.86,376,376,-200.86,-200.86,remaining,assets/css/components/layout/marketplace-index-parity-contract.css
detalhe-anuncio.html,1280x800,doke-ad-card,[data-similar-ads-grid] > .doke-ad-card,media.height,153.59,132,132,-21.59,-21.59,remaining,assets/css/components/layout/marketplace-index-parity-contract.css
detalhe-anuncio.html,1280x800,doke-ad-card,[data-similar-ads-grid] > .doke-ad-card,textClipped,false,true,true,clipped,clipped,remaining,assets/css/components/layout/marketplace-index-parity-contract.css
detalhe-anuncio.html,1280x800,doke-ad-card,[data-similar-ads-grid] > .doke-ad-card,box.width,292,260.61,260.61,-31.39,-31.39,remaining,assets/css/components/layout/marketplace-index-parity-contract.css
detalhe-anuncio.html,1280x800,doke-ad-card,[data-similar-ads-grid] > .doke-ad-card,box.height,576.86,376,376,-200.86,-200.86,remaining,assets/css/components/layout/marketplace-index-parity-contract.css
detalhe-anuncio.html,1280x800,doke-ad-card,[data-similar-ads-grid] > .doke-ad-card,media.height,153.59,132,132,-21.59,-21.59,remaining,assets/css/components/layout/marketplace-index-parity-contract.css
detalhe-anuncio.html,1280x800,doke-ad-card,[data-similar-ads-grid] > .doke-ad-card,textClipped,false,true,true,clipped,clipped,remaining,assets/css/components/layout/marketplace-index-parity-contract.css
detalhe-anuncio.html,1280x800,doke-ad-card,[data-similar-ads-grid] > .doke-ad-card,box.width,292,260.61,260.61,-31.39,-31.39,remaining,assets/css/components/layout/marketplace-index-parity-contract.css
detalhe-anuncio.html,1280x800,doke-ad-card,[data-similar-ads-grid] > .doke-ad-card,box.height,576.86,376,376,-200.86,-200.86,remaining,assets/css/components/layout/marketplace-index-parity-contract.css
detalhe-anuncio.html,1280x800,doke-ad-card,[data-similar-ads-grid] > .doke-ad-card,media.height,153.59,132,132,-21.59,-21.59,remaining,assets/css/components/layout/marketplace-index-parity-contract.css
detalhe-anuncio.html,1280x800,doke-ad-card,[data-similar-ads-grid] > .doke-ad-card,textClipped,false,true,true,clipped,clipped,remaining,assets/css/components/layout/marketplace-index-parity-contract.css
detalhe-anuncio.html,1280x800,publication-card,[data-related-publications-list] > .publication-card,box.width,292,274.05,274.05,-17.95,-17.95,remaining,assets/css/components/layout/marketplace-index-parity-contract.css
detalhe-anuncio.html,1280x800,publication-card,[data-related-publications-list] > .publication-card,box.height,334.02,426.91,426.91,92.89,92.89,remaining,assets/css/components/layout/marketplace-index-parity-contract.css
detalhe-anuncio.html,1280x800,publication-card,[data-related-publications-list] > .publication-card,media.height,198.39,256,256,57.61,57.61,remaining,assets/css/components/layout/marketplace-index-parity-contract.css
detalhe-anuncio.html,1280x800,publication-card,[data-related-publications-list] > .publication-card,box.width,292,274.05,274.05,-17.95,-17.95,remaining,assets/css/components/layout/marketplace-index-parity-contract.css
detalhe-anuncio.html,1280x800,publication-card,[data-related-publications-list] > .publication-card,box.height,334.02,426.91,426.91,92.89,92.89,remaining,assets/css/components/layout/marketplace-index-parity-contract.css
detalhe-anuncio.html,1280x800,publication-card,[data-related-publications-list] > .publication-card,media.height,198.39,256,256,57.61,57.61,remaining,assets/css/components/layout/marketplace-index-parity-contract.css
detalhe-anuncio.html,1280x800,publication-card,[data-related-publications-list] > .publication-card,box.width,292,274.05,274.05,-17.95,-17.95,remaining,assets/css/components/layout/marketplace-index-parity-contract.css
detalhe-anuncio.html,1280x800,publication-card,[data-related-publications-list] > .publication-card,box.height,334.02,426.91,426.91,92.89,92.89,remaining,assets/css/components/layout/marketplace-index-parity-contract.css
detalhe-anuncio.html,1280x800,publication-card,[data-related-publications-list] > .publication-card,media.height,198.39,256,256,57.61,57.61,remaining,assets/css/components/layout/marketplace-index-parity-contract.css
detalhe-anuncio.html,1280x800,worker/video-card,[data-related-workers-list] > .video-card,box.width,214.5,180.5,180.5,-34,-34,remaining,assets/css/components/layout/marketplace-index-parity-contract.css
detalhe-anuncio.html,1280x800,worker/video-card,[data-related-workers-list] > .video-card,box.height,381.33,320.88,320.88,-60.45,-60.45,remaining,assets/css/components/layout/marketplace-index-parity-contract.css
detalhe-anuncio.html,1280x800,worker/video-card,[data-related-workers-list] > .video-card,box.width,214.5,180.5,180.5,-34,-34,remaining,assets/css/components/layout/marketplace-index-parity-contract.css
detalhe-anuncio.html,1280x800,worker/video-card,[data-related-workers-list] > .video-card,box.height,381.33,320.88,320.88,-60.45,-60.45,remaining,assets/css/components/layout/marketplace-index-parity-contract.css
detalhe-anuncio.html,1280x800,worker/video-card,[data-related-workers-list] > .video-card,box.width,214.5,180.5,180.5,-34,-34,remaining,assets/css/components/layout/marketplace-index-parity-contract.css
detalhe-anuncio.html,1280x800,worker/video-card,[data-related-workers-list] > .video-card,box.height,381.33,320.88,320.88,-60.45,-60.45,remaining,assets/css/components/layout/marketplace-index-parity-contract.css
detalhe-anuncio.html,1280x800,section-headers,.detail-section__header,box.width,912,510.34,510.34,-401.66,-401.66,remaining,assets/css/components/layout/marketplace-index-parity-contract.css
detalhe-anuncio.html,1280x800,section-headers,.detail-section__header,textClipped,false,true,true,clipped,clipped,remaining,assets/css/components/layout/marketplace-index-parity-contract.css
detalhe-anuncio.html,1280x800,section-headers,.detail-section__header,box.width,912,510.34,510.34,-401.66,-401.66,remaining,assets/css/components/layout/marketplace-index-parity-contract.css
detalhe-anuncio.html,1280x800,section-headers,.detail-section__header,box.width,912,566.09,566.09,-345.91,-345.91,remaining,assets/css/components/layout/marketplace-index-parity-contract.css
detalhe-anuncio.html,1280x800,rails/containers,.ad-detail-shell,box.x,320,328,328,8,8,remaining,assets/css/components/layout/marketplace-index-parity-contract.css
detalhe-anuncio.html,1280x800,rails/containers,.ad-detail-shell,box.width,912,904,904,-8,-8,remaining,assets/css/components/layout/marketplace-index-parity-contract.css
detalhe-anuncio.html,1280x800,rails/containers,.ad-detail-shell,textClipped,false,true,true,clipped,clipped,remaining,assets/css/components/layout/marketplace-index-parity-contract.css
perfil.html,1280x800,doke-ad-card,[data-profile-services-grid] > .doke-ad-card,box.width,292,889,284.33,597,-7.67,remaining,assets/css/components/layout/marketplace-index-parity-contract.css
perfil.html,1280x800,doke-ad-card,[data-profile-services-grid] > .doke-ad-card,box.height,576.86,418.61,418.61,-158.25,-158.25,remaining,assets/css/components/layout/marketplace-index-parity-contract.css
perfil.html,1280x800,doke-ad-card,[data-profile-services-grid] > .doke-ad-card,media.aspectRatio,1.89,5.77,1.89,3.88,0,fixed,assets/css/components/layout/marketplace-index-parity-contract.css
perfil.html,1280x800,doke-ad-card,[data-profile-services-grid] > .doke-ad-card,box.width,292,889,284.33,597,-7.67,remaining,assets/css/components/layout/marketplace-index-parity-contract.css
perfil.html,1280x800,doke-ad-card,[data-profile-services-grid] > .doke-ad-card,box.height,576.86,418.61,418.61,-158.25,-158.25,remaining,assets/css/components/layout/marketplace-index-parity-contract.css
perfil.html,1280x800,doke-ad-card,[data-profile-services-grid] > .doke-ad-card,media.aspectRatio,1.89,5.77,1.89,3.88,0,fixed,assets/css/components/layout/marketplace-index-parity-contract.css
perfil.html,1280x800,doke-ad-card,[data-profile-services-grid] > .doke-ad-card,box.width,292,889,284.34,597,-7.66,remaining,assets/css/components/layout/marketplace-index-parity-contract.css
perfil.html,1280x800,doke-ad-card,[data-profile-services-grid] > .doke-ad-card,box.height,576.86,418.61,418.61,-158.25,-158.25,remaining,assets/css/components/layout/marketplace-index-parity-contract.css
perfil.html,1280x800,doke-ad-card,[data-profile-services-grid] > .doke-ad-card,media.aspectRatio,1.89,5.77,1.89,3.88,0,fixed,assets/css/components/layout/marketplace-index-parity-contract.css
perfil.html,1280x800,publication-card,[data-profile-posts-grid] > .publication-card,box.width,292,284.33,284.33,-7.67,-7.67,remaining,assets/css/components/layout/marketplace-index-parity-contract.css
perfil.html,1280x800,publication-card,[data-profile-posts-grid] > .publication-card,box.height,334.02,321.72,321.72,-12.3,-12.3,remaining,assets/css/components/layout/marketplace-index-parity-contract.css
perfil.html,1280x800,publication-card,[data-profile-posts-grid] > .publication-card,radius,22,0,22,-22,0,fixed,assets/css/components/layout/marketplace-index-parity-contract.css
perfil.html,1280x800,publication-card,[data-profile-posts-grid] > .publication-card,box.width,292,284.33,284.33,-7.67,-7.67,remaining,assets/css/components/layout/marketplace-index-parity-contract.css
perfil.html,1280x800,publication-card,[data-profile-posts-grid] > .publication-card,box.height,334.02,321.72,321.72,-12.3,-12.3,remaining,assets/css/components/layout/marketplace-index-parity-contract.css
perfil.html,1280x800,publication-card,[data-profile-posts-grid] > .publication-card,radius,22,0,22,-22,0,fixed,assets/css/components/layout/marketplace-index-parity-contract.css
perfil.html,1280x800,publication-card,[data-profile-posts-grid] > .publication-card,box.width,292,284.34,284.34,-7.66,-7.66,remaining,assets/css/components/layout/marketplace-index-parity-contract.css
perfil.html,1280x800,publication-card,[data-profile-posts-grid] > .publication-card,box.height,334.02,321.72,321.72,-12.3,-12.3,remaining,assets/css/components/layout/marketplace-index-parity-contract.css
perfil.html,1280x800,publication-card,[data-profile-posts-grid] > .publication-card,radius,22,0,22,-22,0,fixed,assets/css/components/layout/marketplace-index-parity-contract.css
perfil.html,1280x800,worker/video-card,[data-profile-workers-grid] > .video-card,box.width,214.5,889,284.33,674.5,69.83,remaining,assets/css/components/layout/marketplace-index-parity-contract.css
perfil.html,1280x800,worker/video-card,[data-profile-workers-grid] > .video-card,box.height,381.33,1580.44,505.47,1199.11,124.14,remaining,assets/css/components/layout/marketplace-index-parity-contract.css
perfil.html,1280x800,worker/video-card,[data-profile-workers-grid] > .video-card,box.width,214.5,889,284.33,674.5,69.83,remaining,assets/css/components/layout/marketplace-index-parity-contract.css
perfil.html,1280x800,worker/video-card,[data-profile-workers-grid] > .video-card,box.height,381.33,1580.44,505.47,1199.11,124.14,remaining,assets/css/components/layout/marketplace-index-parity-contract.css
perfil.html,1280x800,worker/video-card,[data-profile-workers-grid] > .video-card,box.width,214.5,889,284.34,674.5,69.84,remaining,assets/css/components/layout/marketplace-index-parity-contract.css
perfil.html,1280x800,worker/video-card,[data-profile-workers-grid] > .video-card,box.height,381.33,1580.44,505.5,1199.11,124.17,remaining,assets/css/components/layout/marketplace-index-parity-contract.css
perfil.html,1280x800,section-headers,.profile-section-heading,box.width,912,889,889,-23,-23,remaining,assets/css/components/layout/marketplace-index-parity-contract.css
perfil.html,1280x800,section-headers,.profile-section-heading,box.width,912,889,889,-23,-23,remaining,assets/css/components/layout/marketplace-index-parity-contract.css
perfil.html,1280x800,section-headers,.profile-section-heading,box.width,912,889,889,-23,-23,remaining,assets/css/components/layout/marketplace-index-parity-contract.css
perfil.html,1280x800,rails/containers,.profile-shell-content,box.x,320,328,328,8,8,remaining,assets/css/components/layout/marketplace-index-parity-contract.css
perfil.html,1280x800,rails/containers,.profile-shell-content,box.width,912,889,889,-23,-23,remaining,assets/css/components/layout/marketplace-index-parity-contract.css
perfil.html,1280x800,rails/containers,.profile-shell-content,textClipped,false,true,true,clipped,clipped,remaining,assets/css/components/layout/marketplace-index-parity-contract.css
comunidade.html,1280x800,filter-pills,.communities-filter,padding.left,14,6,14,-8,0,fixed,assets/css/components/layout/marketplace-index-parity-contract.css
comunidade.html,1280x800,filter-pills,.communities-filter,padding.right,14,6,14,-8,0,fixed,assets/css/components/layout/marketplace-index-parity-contract.css
comunidade.html,1280x800,filter-pills,.communities-filter,radius,0,16,0,16,0,fixed,assets/css/components/layout/marketplace-index-parity-contract.css
comunidade.html,1280x800,filter-pills,.communities-filter,fontSize,13.33,16,13.33,2.67,0,fixed,assets/css/components/layout/marketplace-index-parity-contract.css
comunidade.html,1280x800,filter-pills,.communities-filter,lineHeight,15.33,0,15.33,-15.33,0,fixed,assets/css/components/layout/marketplace-index-parity-contract.css
comunidade.html,1280x800,filter-pills,.communities-filter,padding.left,14,6,14,-8,0,fixed,assets/css/components/layout/marketplace-index-parity-contract.css
comunidade.html,1280x800,filter-pills,.communities-filter,padding.right,14,6,14,-8,0,fixed,assets/css/components/layout/marketplace-index-parity-contract.css
comunidade.html,1280x800,filter-pills,.communities-filter,radius,0,16,0,16,0,fixed,assets/css/components/layout/marketplace-index-parity-contract.css
comunidade.html,1280x800,filter-pills,.communities-filter,fontSize,13.33,16,13.33,2.67,0,fixed,assets/css/components/layout/marketplace-index-parity-contract.css
comunidade.html,1280x800,filter-pills,.communities-filter,lineHeight,15.33,0,15.33,-15.33,0,fixed,assets/css/components/layout/marketplace-index-parity-contract.css
comunidade.html,1280x800,filter-pills,.communities-filter,padding.left,14,6,14,-8,0,fixed,assets/css/components/layout/marketplace-index-parity-contract.css
comunidade.html,1280x800,filter-pills,.communities-filter,padding.right,14,6,14,-8,0,fixed,assets/css/components/layout/marketplace-index-parity-contract.css
comunidade.html,1280x800,filter-pills,.communities-filter,radius,0,16,0,16,0,fixed,assets/css/components/layout/marketplace-index-parity-contract.css
comunidade.html,1280x800,filter-pills,.communities-filter,fontSize,13.33,16,13.33,2.67,0,fixed,assets/css/components/layout/marketplace-index-parity-contract.css
comunidade.html,1280x800,filter-pills,.communities-filter,lineHeight,15.33,0,15.33,-15.33,0,fixed,assets/css/components/layout/marketplace-index-parity-contract.css
comunidade.html,1280x800,section-headers,.communities-v2-section__heading,box.width,912,904,904,-8,-8,remaining,assets/css/components/layout/marketplace-index-parity-contract.css
comunidade.html,1280x800,section-headers,.communities-v2-section__heading,box.width,912,904,904,-8,-8,remaining,assets/css/components/layout/marketplace-index-parity-contract.css
comunidade.html,1280x800,section-headers,.communities-v2-section__heading,box.height,34,39.69,39.69,5.69,5.69,remaining,assets/css/components/layout/marketplace-index-parity-contract.css
comunidade.html,1280x800,rails/containers,.communities-v2-shell,box.x,320,328,328,8,8,remaining,assets/css/components/layout/marketplace-index-parity-contract.css
comunidade.html,1280x800,rails/containers,.communities-v2-shell,box.width,912,904,904,-8,-8,remaining,assets/css/components/layout/marketplace-index-parity-contract.css
resultados.html,390x844,doke-ad-card,.results-grid > .doke-ad-card,textClipped,false,,true,,clipped,remaining-new,assets/css/components/layout/marketplace-index-parity-contract.css
resultados.html,390x844,publication-card,.results-before-after-grid > .publication-card,media.height,164,,150,,-14,remaining-new,assets/css/components/layout/marketplace-index-parity-contract.css
resultados.html,390x844,worker/video-card,.results-videos-grid > .video-card,box.width,354,,319.8,,-34.2,remaining-new,assets/css/components/layout/marketplace-index-parity-contract.css
resultados.html,390x844,worker/video-card,.results-videos-grid > .video-card,box.height,479.97,,568.52,,88.55,remaining-new,assets/css/components/layout/marketplace-index-parity-contract.css
resultados.html,390x844,rails/containers,.search-results-workspace,textClipped,false,,true,,clipped,remaining-new,assets/css/components/layout/marketplace-index-parity-contract.css
resultados.html,608x926,doke-ad-card,.results-grid > .doke-ad-card,textClipped,false,,true,,clipped,remaining-new,assets/css/components/layout/marketplace-index-parity-contract.css
resultados.html,608x926,publication-card,.results-before-after-grid > .publication-card,media.height,164,,150,,-14,remaining-new,assets/css/components/layout/marketplace-index-parity-contract.css
resultados.html,608x926,worker/video-card,.results-videos-grid > .video-card,box.width,572,,320,,-252,remaining-new,assets/css/components/layout/marketplace-index-parity-contract.css
resultados.html,608x926,worker/video-card,.results-videos-grid > .video-card,box.height,775.55,,568.88,,-206.67,remaining-new,assets/css/components/layout/marketplace-index-parity-contract.css
resultados.html,608x926,rails/containers,.search-results-workspace,overflow.selfX,0,,41,,41,remaining-new,assets/css/components/layout/marketplace-index-parity-contract.css
resultados.html,608x926,rails/containers,.search-results-workspace,textClipped,false,,true,,clipped,remaining-new,assets/css/components/layout/marketplace-index-parity-contract.css
detalhe-anuncio.html,608x926,doke-ad-card,[data-similar-ads-grid] > .doke-ad-card,radius,24,,16,,-8,remaining-new,assets/css/components/layout/marketplace-index-parity-contract.css
resultados.html,810x1080,doke-ad-card,.results-grid > .doke-ad-card,box.height,266,,263,,-3,remaining-new,assets/css/components/layout/marketplace-index-parity-contract.css
resultados.html,810x1080,publication-card,.results-before-after-grid > .publication-card,radius,22,,0,,-22,remaining-new,assets/css/components/layout/marketplace-index-parity-contract.css
resultados.html,810x1080,worker/video-card,.results-videos-grid > .video-card,radius,24,,16,,-8,remaining-new,assets/css/components/layout/marketplace-index-parity-contract.css
perfil.html,810x1080,doke-ad-card,[data-profile-services-grid] > .doke-ad-card,radius,24,,0,,-24,remaining-new,assets/css/components/layout/marketplace-index-parity-contract.css
perfil.html,810x1080,worker/video-card,[data-profile-workers-grid] > .video-card,radius,24,,0,,-24,remaining-new,assets/css/components/layout/marketplace-index-parity-contract.css
comunidade.html,810x1080,filter-pills,.communities-filter,box.height,46,,38,,-8,remaining-new,assets/css/components/layout/marketplace-index-parity-contract.css
resultados.html,1280x800,publication-card,.results-before-after-grid > .publication-card,radius,22,,0,,-22,remaining-new,assets/css/components/layout/marketplace-index-parity-contract.css
resultados.html,1280x800,worker/video-card,.results-videos-grid > .video-card,radius,24,,0,,-24,remaining-new,assets/css/components/layout/marketplace-index-parity-contract.css
resultados.html,1280x800,rails/containers,.search-results-workspace,textClipped,false,,true,,clipped,remaining-new,assets/css/components/layout/marketplace-index-parity-contract.css
perfil.html,1280x800,doke-ad-card,[data-profile-services-grid] > .doke-ad-card,radius,24,,0,,-24,remaining-new,assets/css/components/layout/marketplace-index-parity-contract.css
perfil.html,1280x800,doke-ad-card,[data-profile-services-grid] > .doke-ad-card,textClipped,false,,true,,clipped,remaining-new,assets/css/components/layout/marketplace-index-parity-contract.css
perfil.html,1280x800,worker/video-card,[data-profile-workers-grid] > .video-card,radius,24,,0,,-24,remaining-new,assets/css/components/layout/marketplace-index-parity-contract.css
comunidade.html,1280x800,filter-pills,.communities-filter,box.height,46,,38,,-8,remaining-new,assets/css/components/layout/marketplace-index-parity-contract.css