page,breakpoint,type,selector,property,expected,actual,difference,width,height,detail,probableCss
"index.html","390x844","text-or-content-clipping","form.home-search-hero__form.home-search-hero__form--restored.doke-search-pill","scrollHeight","<= 60","146","88","332","58","texto/conteúdo cortado sem clamp/ellipsis controlado","não identificado"
"index.html","390x844","element-horizontal-overflow","article.doke-ad-card.doke-ad-card--featured","scrollWidth","<= 108","113","7","108","320.08","scrollWidth maior que clientWidth sem overflow controlado","não identificado"
"index.html","390x844","element-horizontal-overflow","div.doke-ad-card__body","scrollWidth","<= 108","113","7","106","170.08","scrollWidth maior que clientWidth sem overflow controlado","não identificado"
"index.html","390x844","element-horizontal-overflow","div.doke-ad-card__footer","scrollWidth","<= 76","97","23","74","42","scrollWidth maior que clientWidth sem overflow controlado","não identificado"
"index.html","390x844","element-horizontal-overflow","a.doke-ad-card__cta","scrollWidth","<= 22","43","23","20","34","scrollWidth maior que clientWidth sem overflow controlado","não identificado"
"index.html","390x844","element-horizontal-overflow","article.doke-ad-card.doke-ad-card--featured","scrollWidth","<= 108","110","4","108","320.08","scrollWidth maior que clientWidth sem overflow controlado","não identificado"
"index.html","390x844","element-horizontal-overflow","div.doke-ad-card__body","scrollWidth","<= 108","110","4","106","170.08","scrollWidth maior que clientWidth sem overflow controlado","não identificado"
"index.html","390x844","element-horizontal-overflow","div.doke-ad-card__footer","scrollWidth","<= 76","94","20","74","42","scrollWidth maior que clientWidth sem overflow controlado","não identificado"
"index.html","390x844","element-horizontal-overflow","a.doke-ad-card__cta","scrollWidth","<= 27","45","20","25.13","34","scrollWidth maior que clientWidth sem overflow controlado","não identificado"
"index.html","390x844","element-horizontal-overflow","article.doke-ad-card.doke-ad-card--featured","scrollWidth","<= 108","113","7","108","320.08","scrollWidth maior que clientWidth sem overflow controlado","não identificado"
"index.html","390x844","element-horizontal-overflow","div.doke-ad-card__body","scrollWidth","<= 108","113","7","106","170.08","scrollWidth maior que clientWidth sem overflow controlado","não identificado"
"index.html","390x844","element-horizontal-overflow","div.doke-ad-card__footer","scrollWidth","<= 76","97","23","74","42","scrollWidth maior que clientWidth sem overflow controlado","não identificado"
"index.html","390x844","element-horizontal-overflow","a.doke-ad-card__cta","scrollWidth","<= 22","43","23","20","34","scrollWidth maior que clientWidth sem overflow controlado","não identificado"
"index.html","390x844","element-horizontal-overflow","article.publication-card.publication-card--photo.doke-card","scrollWidth","<= 354","372","20","354","330","scrollWidth maior que clientWidth sem overflow controlado","não identificado"
"index.html","390x844","element-horizontal-overflow","article.publication-card.publication-card--video.doke-card","scrollWidth","<= 354","372","20","354","330","scrollWidth maior que clientWidth sem overflow controlado","não identificado"
"index.html","390x844","element-horizontal-overflow","article.publication-card.publication-card--before-after.doke-card","scrollWidth","<= 354","372","20","354","330","scrollWidth maior que clientWidth sem overflow controlado","não identificado"
"index.html","390x844","element-horizontal-overflow","article.doke-ad-card","scrollWidth","<= 17","107","92","16.66","320.08","scrollWidth maior que clientWidth sem overflow controlado","não identificado"
"index.html","390x844","element-horizontal-overflow","div.doke-ad-card__media.doke-ad-card__media--handyman","scrollWidth","<= 17","44","29","14.66","148","scrollWidth maior que clientWidth sem overflow controlado","não identificado"
"index.html","390x844","badge-or-action-clipped","span.doke-ad-card__badge","bounds","dentro do card","vazamento 28.34px","28.34","26","32","badge/action vazando ou cortado","assets/css/pages/detalhe-anuncio.css"
"index.html","390x844","badge-or-action-clipped","button.doke-ad-card__favorite","bounds","dentro do card","vazamento 46.34px","46.34","46","46","badge/action vazando ou cortado","assets/css/pages/detalhe-anuncio.css"
"index.html","390x844","element-horizontal-overflow","div.doke-ad-card__body","scrollWidth","<= 34","107","75","32","170.08","scrollWidth maior que clientWidth sem overflow controlado","não identificado"
"index.html","390x844","element-horizontal-overflow","a.doke-ad-card__cta","scrollWidth","<= 22","43","23","20","34","scrollWidth maior que clientWidth sem overflow controlado","não identificado"
"index.html","390x844","element-horizontal-overflow","article.doke-ad-card","scrollWidth","<= 17","106","91","16.66","320.08","scrollWidth maior que clientWidth sem overflow controlado","não identificado"
"index.html","390x844","element-horizontal-overflow","div.doke-ad-card__media.doke-ad-card__media--tech","scrollWidth","<= 17","44","29","14.66","148","scrollWidth maior que clientWidth sem overflow controlado","não identificado"
"index.html","390x844","badge-or-action-clipped","span.doke-ad-card__badge","bounds","dentro do card","vazamento 28.34px","28.34","26","32","badge/action vazando ou cortado","assets/css/pages/detalhe-anuncio.css"
"index.html","390x844","badge-or-action-clipped","button.doke-ad-card__favorite","bounds","dentro do card","vazamento 46.34px","46.34","46","46","badge/action vazando ou cortado","assets/css/pages/detalhe-anuncio.css"
"index.html","390x844","element-horizontal-overflow","div.doke-ad-card__body","scrollWidth","<= 34","106","74","32","170.08","scrollWidth maior que clientWidth sem overflow controlado","não identificado"
"index.html","390x844","element-horizontal-overflow","a.doke-ad-card__cta","scrollWidth","<= 22","43","23","20","34","scrollWidth maior que clientWidth sem overflow controlado","não identificado"
"index.html","390x844","element-horizontal-overflow","article.doke-ad-card","scrollWidth","<= 17","121","106","16.66","320.08","scrollWidth maior que clientWidth sem overflow controlado","não identificado"
"index.html","390x844","element-horizontal-overflow","div.doke-ad-card__media.doke-ad-card__media--class","scrollWidth","<= 17","44","29","14.66","148","scrollWidth maior que clientWidth sem overflow controlado","não identificado"
"index.html","390x844","badge-or-action-clipped","span.doke-ad-card__badge","bounds","dentro do card","vazamento 28.34px","28.34","26","32","badge/action vazando ou cortado","assets/css/pages/detalhe-anuncio.css"
"index.html","390x844","badge-or-action-clipped","button.doke-ad-card__favorite","bounds","dentro do card","vazamento 46.34px","46.34","46","46","badge/action vazando ou cortado","assets/css/pages/detalhe-anuncio.css"
"index.html","390x844","element-horizontal-overflow","div.doke-ad-card__body","scrollWidth","<= 34","121","89","32","170.08","scrollWidth maior que clientWidth sem overflow controlado","não identificado"
"index.html","390x844","element-horizontal-overflow","a.doke-ad-card__cta","scrollWidth","<= 22","43","23","20","34","scrollWidth maior que clientWidth sem overflow controlado","não identificado"
"index.html","390x844","element-horizontal-overflow","article.doke-ad-card","scrollWidth","<= 17","106","91","16.66","320.08","scrollWidth maior que clientWidth sem overflow controlado","não identificado"
"index.html","390x844","element-horizontal-overflow","div.doke-ad-card__media.doke-ad-card__media--beauty","scrollWidth","<= 17","44","29","14.66","148","scrollWidth maior que clientWidth sem overflow controlado","não identificado"
"index.html","390x844","badge-or-action-clipped","span.doke-ad-card__badge","bounds","dentro do card","vazamento 28.34px","28.34","26","32","badge/action vazando ou cortado","assets/css/pages/detalhe-anuncio.css"
"index.html","390x844","badge-or-action-clipped","button.doke-ad-card__favorite","bounds","dentro do card","vazamento 46.34px","46.34","46","46","badge/action vazando ou cortado","assets/css/pages/detalhe-anuncio.css"
"index.html","390x844","element-horizontal-overflow","div.doke-ad-card__body","scrollWidth","<= 34","106","74","32","170.08","scrollWidth maior que clientWidth sem overflow controlado","não identificado"
"index.html","390x844","element-horizontal-overflow","a.doke-ad-card__cta","scrollWidth","<= 22","43","23","20","34","scrollWidth maior que clientWidth sem overflow controlado","não identificado"
"index.html","390x844","element-horizontal-overflow","article.doke-ad-card","scrollWidth","<= 17","107","92","16.67","320.08","scrollWidth maior que clientWidth sem overflow controlado","não identificado"
"index.html","390x844","element-horizontal-overflow","div.doke-ad-card__media.doke-ad-card__media--gardening","scrollWidth","<= 17","44","29","14.67","148","scrollWidth maior que clientWidth sem overflow controlado","não identificado"
"index.html","390x844","badge-or-action-clipped","span.doke-ad-card__badge","bounds","dentro do card","vazamento 28.33px","28.33","26","32","badge/action vazando ou cortado","assets/css/pages/detalhe-anuncio.css"
"index.html","390x844","badge-or-action-clipped","button.doke-ad-card__favorite","bounds","dentro do card","vazamento 46.33px","46.33","46","46","badge/action vazando ou cortado","assets/css/pages/detalhe-anuncio.css"
"index.html","390x844","element-horizontal-overflow","div.doke-ad-card__body","scrollWidth","<= 34","107","75","32","170.08","scrollWidth maior que clientWidth sem overflow controlado","não identificado"
"index.html","390x844","element-horizontal-overflow","a.doke-ad-card__cta","scrollWidth","<= 22","43","23","20","34","scrollWidth maior que clientWidth sem overflow controlado","não identificado"
"index.html","390x844","element-horizontal-overflow","article.doke-ad-card","scrollWidth","<= 17","110","95","16.67","320.08","scrollWidth maior que clientWidth sem overflow controlado","não identificado"
"index.html","390x844","element-horizontal-overflow","div.doke-ad-card__media.doke-ad-card__media--plumber","scrollWidth","<= 17","44","29","14.67","148","scrollWidth maior que clientWidth sem overflow controlado","não identificado"
"index.html","390x844","badge-or-action-clipped","span.doke-ad-card__badge","bounds","dentro do card","vazamento 28.33px","28.33","26","32","badge/action vazando ou cortado","assets/css/pages/detalhe-anuncio.css"
"index.html","390x844","badge-or-action-clipped","button.doke-ad-card__favorite","bounds","dentro do card","vazamento 46.33px","46.33","46","46","badge/action vazando ou cortado","assets/css/pages/detalhe-anuncio.css"
"index.html","390x844","element-horizontal-overflow","div.doke-ad-card__body","scrollWidth","<= 34","110","78","32","170.08","scrollWidth maior que clientWidth sem overflow controlado","não identificado"
"index.html","390x844","element-horizontal-overflow","a.doke-ad-card__cta","scrollWidth","<= 22","43","23","20","34","scrollWidth maior que clientWidth sem overflow controlado","não identificado"
"index.html","390x844","element-horizontal-overflow","article.doke-ad-card","scrollWidth","<= 17","115","100","16.67","320.08","scrollWidth maior que clientWidth sem overflow controlado","não identificado"
"index.html","390x844","element-horizontal-overflow","div.doke-ad-card__media.doke-ad-card__media--photo","scrollWidth","<= 17","44","29","14.67","148","scrollWidth maior que clientWidth sem overflow controlado","não identificado"
"index.html","390x844","badge-or-action-clipped","span.doke-ad-card__badge","bounds","dentro do card","vazamento 28.33px","28.33","26","32","badge/action vazando ou cortado","assets/css/pages/detalhe-anuncio.css"
"index.html","390x844","badge-or-action-clipped","button.doke-ad-card__favorite","bounds","dentro do card","vazamento 46.33px","46.33","46","46","badge/action vazando ou cortado","assets/css/pages/detalhe-anuncio.css"
"index.html","390x844","element-horizontal-overflow","div.doke-ad-card__body","scrollWidth","<= 34","115","83","32","170.08","scrollWidth maior que clientWidth sem overflow controlado","não identificado"
"index.html","390x844","element-horizontal-overflow","a.doke-ad-card__cta","scrollWidth","<= 22","43","23","20","34","scrollWidth maior que clientWidth sem overflow controlado","não identificado"
"index.html","390x844","element-horizontal-overflow","article.doke-ad-card","scrollWidth","<= 17","107","92","16.67","320.08","scrollWidth maior que clientWidth sem overflow controlado","não identificado"
"index.html","390x844","element-horizontal-overflow","div.doke-ad-card__media.doke-ad-card__media--pet","scrollWidth","<= 17","44","29","14.67","148","scrollWidth maior que clientWidth sem overflow controlado","não identificado"
"index.html","390x844","badge-or-action-clipped","span.doke-ad-card__badge","bounds","dentro do card","vazamento 28.33px","28.33","26","32","badge/action vazando ou cortado","assets/css/pages/detalhe-anuncio.css"
"index.html","390x844","badge-or-action-clipped","button.doke-ad-card__favorite","bounds","dentro do card","vazamento 46.33px","46.33","46","46","badge/action vazando ou cortado","assets/css/pages/detalhe-anuncio.css"
"index.html","390x844","element-horizontal-overflow","div.doke-ad-card__body","scrollWidth","<= 34","107","75","32","170.08","scrollWidth maior que clientWidth sem overflow controlado","não identificado"
"index.html","390x844","element-horizontal-overflow","a.doke-ad-card__cta","scrollWidth","<= 22","43","23","20","34","scrollWidth maior que clientWidth sem overflow controlado","não identificado"
"index.html","390x844","element-horizontal-overflow","article.doke-ad-card","scrollWidth","<= 17","113","98","16.67","320.08","scrollWidth maior que clientWidth sem overflow controlado","não identificado"
"index.html","390x844","element-horizontal-overflow","div.doke-ad-card__media.doke-ad-card__media--ac","scrollWidth","<= 17","44","29","14.67","148","scrollWidth maior que clientWidth sem overflow controlado","não identificado"
"index.html","390x844","badge-or-action-clipped","span.doke-ad-card__badge","bounds","dentro do card","vazamento 28.33px","28.33","26","32","badge/action vazando ou cortado","assets/css/pages/detalhe-anuncio.css"
"index.html","390x844","badge-or-action-clipped","button.doke-ad-card__favorite","bounds","dentro do card","vazamento 46.33px","46.33","46","46","badge/action vazando ou cortado","assets/css/pages/detalhe-anuncio.css"
"index.html","390x844","element-horizontal-overflow","div.doke-ad-card__body","scrollWidth","<= 34","113","81","32","170.08","scrollWidth maior que clientWidth sem overflow controlado","não identificado"
"index.html","390x844","element-horizontal-overflow","a.doke-ad-card__cta","scrollWidth","<= 22","43","23","20","34","scrollWidth maior que clientWidth sem overflow controlado","não identificado"
"index.html","390x844","element-horizontal-overflow","article.doke-ad-card","scrollWidth","<= 17","166","151","16.67","320.08","scrollWidth maior que clientWidth sem overflow controlado","não identificado"
"index.html","390x844","element-horizontal-overflow","div.doke-ad-card__media.doke-ad-card__media--carpentry","scrollWidth","<= 17","44","29","14.67","148","scrollWidth maior que clientWidth sem overflow controlado","não identificado"
"index.html","390x844","badge-or-action-clipped","span.doke-ad-card__badge","bounds","dentro do card","vazamento 28.33px","28.33","26","32","badge/action vazando ou cortado","assets/css/pages/detalhe-anuncio.css"
"index.html","390x844","badge-or-action-clipped","button.doke-ad-card__favorite","bounds","dentro do card","vazamento 46.33px","46.33","46","46","badge/action vazando ou cortado","assets/css/pages/detalhe-anuncio.css"
"index.html","390x844","element-horizontal-overflow","div.doke-ad-card__body","scrollWidth","<= 34","166","134","32","170.08","scrollWidth maior que clientWidth sem overflow controlado","não identificado"
"index.html","390x844","element-horizontal-overflow","a.doke-ad-card__cta","scrollWidth","<= 22","43","23","20","34","scrollWidth maior que clientWidth sem overflow controlado","não identificado"
"index.html","390x844","element-horizontal-overflow","article.doke-ad-card","scrollWidth","<= 17","115","100","16.67","320.08","scrollWidth maior que clientWidth sem overflow controlado","não identificado"
"index.html","390x844","element-horizontal-overflow","div.doke-ad-card__media.doke-ad-card__media--deep-cleaning","scrollWidth","<= 17","44","29","14.67","148","scrollWidth maior que clientWidth sem overflow controlado","não identificado"
"index.html","390x844","badge-or-action-clipped","span.doke-ad-card__badge","bounds","dentro do card","vazamento 28.33px","28.33","26","32","badge/action vazando ou cortado","assets/css/pages/detalhe-anuncio.css"
"index.html","390x844","badge-or-action-clipped","button.doke-ad-card__favorite","bounds","dentro do card","vazamento 46.33px","46.33","46","46","badge/action vazando ou cortado","assets/css/pages/detalhe-anuncio.css"
"index.html","390x844","element-horizontal-overflow","div.doke-ad-card__body","scrollWidth","<= 34","115","83","32","170.08","scrollWidth maior que clientWidth sem overflow controlado","não identificado"
"index.html","390x844","element-horizontal-overflow","a.doke-ad-card__cta","scrollWidth","<= 22","43","23","20","34","scrollWidth maior que clientWidth sem overflow controlado","não identificado"
"index.html","390x844","element-horizontal-overflow","article.doke-ad-card","scrollWidth","<= 17","107","92","16.67","320.08","scrollWidth maior que clientWidth sem overflow controlado","não identificado"
"index.html","390x844","element-horizontal-overflow","div.doke-ad-card__media.doke-ad-card__media--delivery","scrollWidth","<= 17","44","29","14.67","148","scrollWidth maior que clientWidth sem overflow controlado","não identificado"
"index.html","390x844","badge-or-action-clipped","span.doke-ad-card__badge","bounds","dentro do card","vazamento 28.33px","28.33","26","32","badge/action vazando ou cortado","assets/css/pages/detalhe-anuncio.css"
"index.html","390x844","badge-or-action-clipped","button.doke-ad-card__favorite","bounds","dentro do card","vazamento 46.33px","46.33","46","46","badge/action vazando ou cortado","assets/css/pages/detalhe-anuncio.css"
"index.html","390x844","element-horizontal-overflow","div.doke-ad-card__body","scrollWidth","<= 34","107","75","32","170.08","scrollWidth maior que clientWidth sem overflow controlado","não identificado"
"index.html","390x844","element-horizontal-overflow","a.doke-ad-card__cta","scrollWidth","<= 22","43","23","20","34","scrollWidth maior que clientWidth sem overflow controlado","não identificado"
"index.html","390x844","card-content-leak","div.publication-card__media.publication-card__media--kitchen","bounds","filho dentro do card","vazamento 9px","9","352","164","filho direto vaza do card article.publication-card.publication-card--photo.doke-card","assets/css/pages/detalhe-anuncio.css"
"index.html","390x844","card-content-leak","div.publication-card__media.publication-card__media--living","bounds","filho dentro do card","vazamento 9px","9","352","164","filho direto vaza do card article.publication-card.publication-card--video.doke-card","assets/css/pages/detalhe-anuncio.css"
"index.html","390x844","card-content-leak","div.publication-card__media.publication-card__comparison","bounds","filho dentro do card","vazamento 9px","9","352","164","filho direto vaza do card article.publication-card.publication-card--before-after.doke-card","assets/css/pages/detalhe-anuncio.css"
"index.html","390x844","card-content-leak","div.doke-ad-card__body","bounds","filho dentro do card","vazamento 16.34px","16.34","32","170.08","filho direto vaza do card article.doke-ad-card","assets/css/pages/detalhe-anuncio.css"
"index.html","390x844","card-content-leak","div.doke-ad-card__body","bounds","filho dentro do card","vazamento 16.34px","16.34","32","170.08","filho direto vaza do card article.doke-ad-card","assets/css/pages/detalhe-anuncio.css"
"index.html","390x844","card-content-leak","div.doke-ad-card__body","bounds","filho dentro do card","vazamento 16.34px","16.34","32","170.08","filho direto vaza do card article.doke-ad-card","assets/css/pages/detalhe-anuncio.css"
"index.html","390x844","card-content-leak","div.doke-ad-card__body","bounds","filho dentro do card","vazamento 16.34px","16.34","32","170.08","filho direto vaza do card article.doke-ad-card","assets/css/pages/detalhe-anuncio.css"
"index.html","390x844","card-content-leak","div.doke-ad-card__body","bounds","filho dentro do card","vazamento 16.33px","16.33","32","170.08","filho direto vaza do card article.doke-ad-card","assets/css/pages/detalhe-anuncio.css"
"index.html","390x844","card-content-leak","div.doke-ad-card__body","bounds","filho dentro do card","vazamento 16.33px","16.33","32","170.08","filho direto vaza do card article.doke-ad-card","assets/css/pages/detalhe-anuncio.css"
"index.html","390x844","card-content-leak","div.doke-ad-card__body","bounds","filho dentro do card","vazamento 16.33px","16.33","32","170.08","filho direto vaza do card article.doke-ad-card","assets/css/pages/detalhe-anuncio.css"
"index.html","390x844","card-content-leak","div.doke-ad-card__body","bounds","filho dentro do card","vazamento 16.33px","16.33","32","170.08","filho direto vaza do card article.doke-ad-card","assets/css/pages/detalhe-anuncio.css"
"index.html","390x844","card-content-leak","div.doke-ad-card__body","bounds","filho dentro do card","vazamento 16.33px","16.33","32","170.08","filho direto vaza do card article.doke-ad-card","assets/css/pages/detalhe-anuncio.css"
"index.html","390x844","card-content-leak","div.doke-ad-card__body","bounds","filho dentro do card","vazamento 16.33px","16.33","32","170.08","filho direto vaza do card article.doke-ad-card","assets/css/pages/detalhe-anuncio.css"
"index.html","390x844","card-content-leak","div.doke-ad-card__body","bounds","filho dentro do card","vazamento 16.33px","16.33","32","170.08","filho direto vaza do card article.doke-ad-card","assets/css/pages/detalhe-anuncio.css"
"index.html","390x844","card-content-leak","div.doke-ad-card__body","bounds","filho dentro do card","vazamento 16.33px","16.33","32","170.08","filho direto vaza do card article.doke-ad-card","assets/css/pages/detalhe-anuncio.css"
"detalhe-anuncio.html","390x844","element-horizontal-overflow","div.detail-related-grid.detail-related-grid--ads.service-grid.service-grid--compact","scrollWidth","<= 356","544","190","354","387.89","scrollWidth maior que clientWidth sem overflow controlado","não identificado"
"detalhe-anuncio.html","390x844","text-or-content-clipping","div.doke-ad-card__tags","scrollHeight","<= 30","50","22","130","28","texto/conteúdo cortado sem clamp/ellipsis controlado","não identificado"
"detalhe-anuncio.html","390x844","text-or-content-clipping","div.doke-ad-card__tags","scrollHeight","<= 30","50","22","130","28","texto/conteúdo cortado sem clamp/ellipsis controlado","não identificado"
"detalhe-anuncio.html","390x844","text-or-content-clipping","div.doke-ad-card__tags","scrollHeight","<= 30","50","22","130","28","texto/conteúdo cortado sem clamp/ellipsis controlado","não identificado"
"index.html","608x926","body-horizontal-overflow","html.","scrollWidth","<= 610","626","18","608","6663.23","body/page gera scroll horizontal","não identificado"
"index.html","608x926","element-horizontal-overflow","article.doke-ad-card","scrollWidth","<= 10","107","99","10.41","350.08","scrollWidth maior que clientWidth sem overflow controlado","não identificado"
"index.html","608x926","element-horizontal-overflow","div.doke-ad-card__media.doke-ad-card__media--handyman","scrollWidth","<= 10","44","36","8.41","178","scrollWidth maior que clientWidth sem overflow controlado","não identificado"
"index.html","608x926","badge-or-action-clipped","span.doke-ad-card__badge","bounds","dentro do card","vazamento 34.59px","34.59","26","32","badge/action vazando ou cortado","assets/css/pages/detalhe-anuncio.css"
"index.html","608x926","badge-or-action-clipped","button.doke-ad-card__favorite","bounds","dentro do card","vazamento 52.59px","52.59","46","46","badge/action vazando ou cortado","assets/css/pages/detalhe-anuncio.css"
"index.html","608x926","element-horizontal-overflow","div.doke-ad-card__body","scrollWidth","<= 34","107","75","32","170.08","scrollWidth maior que clientWidth sem overflow controlado","não identificado"
"index.html","608x926","element-horizontal-overflow","a.doke-ad-card__cta","scrollWidth","<= 22","43","23","20","34","scrollWidth maior que clientWidth sem overflow controlado","não identificado"
"index.html","608x926","element-horizontal-overflow","article.doke-ad-card","scrollWidth","<= 10","106","98","10.41","350.08","scrollWidth maior que clientWidth sem overflow controlado","não identificado"
"index.html","608x926","element-horizontal-overflow","div.doke-ad-card__media.doke-ad-card__media--tech","scrollWidth","<= 10","44","36","8.41","178","scrollWidth maior que clientWidth sem overflow controlado","não identificado"
"index.html","608x926","badge-or-action-clipped","span.doke-ad-card__badge","bounds","dentro do card","vazamento 34.59px","34.59","26","32","badge/action vazando ou cortado","assets/css/pages/detalhe-anuncio.css"
"index.html","608x926","badge-or-action-clipped","button.doke-ad-card__favorite","bounds","dentro do card","vazamento 52.59px","52.59","46","46","badge/action vazando ou cortado","assets/css/pages/detalhe-anuncio.css"
"index.html","608x926","element-horizontal-overflow","div.doke-ad-card__body","scrollWidth","<= 34","106","74","32","170.08","scrollWidth maior que clientWidth sem overflow controlado","não identificado"
"index.html","608x926","element-horizontal-overflow","a.doke-ad-card__cta","scrollWidth","<= 22","43","23","20","34","scrollWidth maior que clientWidth sem overflow controlado","não identificado"
"index.html","608x926","element-horizontal-overflow","article.doke-ad-card","scrollWidth","<= 10","121","113","10.41","350.08","scrollWidth maior que clientWidth sem overflow controlado","não identificado"
"index.html","608x926","element-horizontal-overflow","div.doke-ad-card__media.doke-ad-card__media--class","scrollWidth","<= 10","44","36","8.41","178","scrollWidth maior que clientWidth sem overflow controlado","não identificado"
"index.html","608x926","badge-or-action-clipped","span.doke-ad-card__badge","bounds","dentro do card","vazamento 34.59px","34.59","26","32","badge/action vazando ou cortado","assets/css/pages/detalhe-anuncio.css"
"index.html","608x926","badge-or-action-clipped","button.doke-ad-card__favorite","bounds","dentro do card","vazamento 52.59px","52.59","46","46","badge/action vazando ou cortado","assets/css/pages/detalhe-anuncio.css"
"index.html","608x926","element-horizontal-overflow","div.doke-ad-card__body","scrollWidth","<= 34","121","89","32","170.08","scrollWidth maior que clientWidth sem overflow controlado","não identificado"
"index.html","608x926","element-horizontal-overflow","a.doke-ad-card__cta","scrollWidth","<= 22","43","23","20","34","scrollWidth maior que clientWidth sem overflow controlado","não identificado"
"index.html","608x926","element-horizontal-overflow","article.doke-ad-card","scrollWidth","<= 10","106","98","10.41","350.08","scrollWidth maior que clientWidth sem overflow controlado","não identificado"
"index.html","608x926","element-horizontal-overflow","div.doke-ad-card__media.doke-ad-card__media--beauty","scrollWidth","<= 10","44","36","8.41","178","scrollWidth maior que clientWidth sem overflow controlado","não identificado"
"index.html","608x926","badge-or-action-clipped","span.doke-ad-card__badge","bounds","dentro do card","vazamento 34.59px","34.59","26","32","badge/action vazando ou cortado","assets/css/pages/detalhe-anuncio.css"
"index.html","608x926","badge-or-action-clipped","button.doke-ad-card__favorite","bounds","dentro do card","vazamento 52.59px","52.59","46","46","badge/action vazando ou cortado","assets/css/pages/detalhe-anuncio.css"
"index.html","608x926","element-horizontal-overflow","div.doke-ad-card__body","scrollWidth","<= 34","106","74","32","170.08","scrollWidth maior que clientWidth sem overflow controlado","não identificado"
"index.html","608x926","element-horizontal-overflow","a.doke-ad-card__cta","scrollWidth","<= 22","43","23","20","34","scrollWidth maior que clientWidth sem overflow controlado","não identificado"
"index.html","608x926","element-horizontal-overflow","article.doke-ad-card","scrollWidth","<= 10","107","99","10.42","350.08","scrollWidth maior que clientWidth sem overflow controlado","não identificado"
"index.html","608x926","element-horizontal-overflow","div.doke-ad-card__media.doke-ad-card__media--gardening","scrollWidth","<= 10","44","36","8.42","178","scrollWidth maior que clientWidth sem overflow controlado","não identificado"
"index.html","608x926","badge-or-action-clipped","span.doke-ad-card__badge","bounds","dentro do card","vazamento 34.58px","34.58","26","32","badge/action vazando ou cortado","assets/css/pages/detalhe-anuncio.css"
"index.html","608x926","badge-or-action-clipped","button.doke-ad-card__favorite","bounds","dentro do card","vazamento 52.58px","52.58","46","46","badge/action vazando ou cortado","assets/css/pages/detalhe-anuncio.css"
"index.html","608x926","element-horizontal-overflow","div.doke-ad-card__body","scrollWidth","<= 34","107","75","32","170.08","scrollWidth maior que clientWidth sem overflow controlado","não identificado"
"index.html","608x926","element-horizontal-overflow","a.doke-ad-card__cta","scrollWidth","<= 22","43","23","20","34","scrollWidth maior que clientWidth sem overflow controlado","não identificado"
"index.html","608x926","element-horizontal-overflow","article.doke-ad-card","scrollWidth","<= 10","110","102","10.42","350.08","scrollWidth maior que clientWidth sem overflow controlado","não identificado"
"index.html","608x926","element-horizontal-overflow","div.doke-ad-card__media.doke-ad-card__media--plumber","scrollWidth","<= 10","44","36","8.42","178","scrollWidth maior que clientWidth sem overflow controlado","não identificado"
"index.html","608x926","badge-or-action-clipped","span.doke-ad-card__badge","bounds","dentro do card","vazamento 34.58px","34.58","26","32","badge/action vazando ou cortado","assets/css/pages/detalhe-anuncio.css"
"index.html","608x926","badge-or-action-clipped","button.doke-ad-card__favorite","bounds","dentro do card","vazamento 52.58px","52.58","46","46","badge/action vazando ou cortado","assets/css/pages/detalhe-anuncio.css"
"index.html","608x926","element-horizontal-overflow","div.doke-ad-card__body","scrollWidth","<= 34","110","78","32","170.08","scrollWidth maior que clientWidth sem overflow controlado","não identificado"
"index.html","608x926","element-horizontal-overflow","a.doke-ad-card__cta","scrollWidth","<= 22","43","23","20","34","scrollWidth maior que clientWidth sem overflow controlado","não identificado"
"index.html","608x926","element-horizontal-overflow","article.doke-ad-card","scrollWidth","<= 10","115","107","10.42","350.08","scrollWidth maior que clientWidth sem overflow controlado","não identificado"
"index.html","608x926","element-horizontal-overflow","div.doke-ad-card__media.doke-ad-card__media--photo","scrollWidth","<= 10","44","36","8.42","178","scrollWidth maior que clientWidth sem overflow controlado","não identificado"
"index.html","608x926","badge-or-action-clipped","span.doke-ad-card__badge","bounds","dentro do card","vazamento 34.58px","34.58","26","32","badge/action vazando ou cortado","assets/css/pages/detalhe-anuncio.css"
"index.html","608x926","badge-or-action-clipped","button.doke-ad-card__favorite","bounds","dentro do card","vazamento 52.58px","52.58","46","46","badge/action vazando ou cortado","assets/css/pages/detalhe-anuncio.css"
"index.html","608x926","element-horizontal-overflow","div.doke-ad-card__body","scrollWidth","<= 34","115","83","32","170.08","scrollWidth maior que clientWidth sem overflow controlado","não identificado"
"index.html","608x926","element-horizontal-overflow","a.doke-ad-card__cta","scrollWidth","<= 22","43","23","20","34","scrollWidth maior que clientWidth sem overflow controlado","não identificado"
"index.html","608x926","element-horizontal-overflow","article.doke-ad-card","scrollWidth","<= 10","107","99","10.42","350.08","scrollWidth maior que clientWidth sem overflow controlado","não identificado"
"index.html","608x926","element-horizontal-overflow","div.doke-ad-card__media.doke-ad-card__media--pet","scrollWidth","<= 10","44","36","8.42","178","scrollWidth maior que clientWidth sem overflow controlado","não identificado"
"index.html","608x926","badge-or-action-clipped","span.doke-ad-card__badge","bounds","dentro do card","vazamento 34.58px","34.58","26","32","badge/action vazando ou cortado","assets/css/pages/detalhe-anuncio.css"
"index.html","608x926","badge-or-action-clipped","button.doke-ad-card__favorite","bounds","dentro do card","vazamento 52.58px","52.58","46","46","badge/action vazando ou cortado","assets/css/pages/detalhe-anuncio.css"
"index.html","608x926","element-horizontal-overflow","div.doke-ad-card__body","scrollWidth","<= 34","107","75","32","170.08","scrollWidth maior que clientWidth sem overflow controlado","não identificado"
"index.html","608x926","element-horizontal-overflow","a.doke-ad-card__cta","scrollWidth","<= 22","43","23","20","34","scrollWidth maior que clientWidth sem overflow controlado","não identificado"
"index.html","608x926","element-horizontal-overflow","article.doke-ad-card","scrollWidth","<= 10","113","105","10.42","350.08","scrollWidth maior que clientWidth sem overflow controlado","não identificado"
"index.html","608x926","element-horizontal-overflow","div.doke-ad-card__media.doke-ad-card__media--ac","scrollWidth","<= 10","44","36","8.42","178","scrollWidth maior que clientWidth sem overflow controlado","não identificado"
"index.html","608x926","badge-or-action-clipped","span.doke-ad-card__badge","bounds","dentro do card","vazamento 34.58px","34.58","26","32","badge/action vazando ou cortado","assets/css/pages/detalhe-anuncio.css"
"index.html","608x926","badge-or-action-clipped","button.doke-ad-card__favorite","bounds","dentro do card","vazamento 52.58px","52.58","46","46","badge/action vazando ou cortado","assets/css/pages/detalhe-anuncio.css"
"index.html","608x926","element-horizontal-overflow","div.doke-ad-card__body","scrollWidth","<= 34","113","81","32","170.08","scrollWidth maior que clientWidth sem overflow controlado","não identificado"
"index.html","608x926","element-horizontal-overflow","a.doke-ad-card__cta","scrollWidth","<= 22","43","23","20","34","scrollWidth maior que clientWidth sem overflow controlado","não identificado"
"index.html","608x926","element-horizontal-overflow","article.doke-ad-card","scrollWidth","<= 10","166","158","10.42","350.08","scrollWidth maior que clientWidth sem overflow controlado","não identificado"
"index.html","608x926","element-horizontal-overflow","div.doke-ad-card__media.doke-ad-card__media--carpentry","scrollWidth","<= 10","44","36","8.42","178","scrollWidth maior que clientWidth sem overflow controlado","não identificado"
"index.html","608x926","badge-or-action-clipped","span.doke-ad-card__badge","bounds","dentro do card","vazamento 34.58px","34.58","26","32","badge/action vazando ou cortado","assets/css/pages/detalhe-anuncio.css"
"index.html","608x926","badge-or-action-clipped","button.doke-ad-card__favorite","bounds","dentro do card","vazamento 52.58px","52.58","46","46","badge/action vazando ou cortado","assets/css/pages/detalhe-anuncio.css"
"index.html","608x926","element-horizontal-overflow","div.doke-ad-card__body","scrollWidth","<= 34","166","134","32","170.08","scrollWidth maior que clientWidth sem overflow controlado","não identificado"
"index.html","608x926","element-horizontal-overflow","a.doke-ad-card__cta","scrollWidth","<= 22","43","23","20","34","scrollWidth maior que clientWidth sem overflow controlado","não identificado"
"index.html","608x926","element-horizontal-overflow","article.doke-ad-card","scrollWidth","<= 10","115","107","10.42","350.08","scrollWidth maior que clientWidth sem overflow controlado","não identificado"
"index.html","608x926","element-horizontal-overflow","div.doke-ad-card__media.doke-ad-card__media--deep-cleaning","scrollWidth","<= 10","44","36","8.42","178","scrollWidth maior que clientWidth sem overflow controlado","não identificado"
"index.html","608x926","badge-or-action-clipped","span.doke-ad-card__badge","bounds","dentro do card","vazamento 34.58px","34.58","26","32","badge/action vazando ou cortado","assets/css/pages/detalhe-anuncio.css"
"index.html","608x926","badge-or-action-clipped","button.doke-ad-card__favorite","bounds","dentro do card","vazamento 52.58px","52.58","46","46","badge/action vazando ou cortado","assets/css/pages/detalhe-anuncio.css"
"index.html","608x926","element-horizontal-overflow","div.doke-ad-card__body","scrollWidth","<= 34","115","83","32","170.08","scrollWidth maior que clientWidth sem overflow controlado","não identificado"
"index.html","608x926","element-horizontal-overflow","a.doke-ad-card__cta","scrollWidth","<= 22","43","23","20","34","scrollWidth maior que clientWidth sem overflow controlado","não identificado"
"index.html","608x926","element-horizontal-overflow","article.doke-ad-card","scrollWidth","<= 10","107","99","10.42","350.08","scrollWidth maior que clientWidth sem overflow controlado","não identificado"
"index.html","608x926","element-horizontal-overflow","div.doke-ad-card__media.doke-ad-card__media--delivery","scrollWidth","<= 10","44","36","8.42","178","scrollWidth maior que clientWidth sem overflow controlado","não identificado"
"index.html","608x926","badge-or-action-clipped","span.doke-ad-card__badge","bounds","dentro do card","vazamento 34.58px","34.58","26","32","badge/action vazando ou cortado","assets/css/pages/detalhe-anuncio.css"
"index.html","608x926","badge-or-action-clipped","button.doke-ad-card__favorite","bounds","dentro do card","vazamento 52.58px","52.58","46","46","badge/action vazando ou cortado","assets/css/pages/detalhe-anuncio.css"
"index.html","608x926","element-horizontal-overflow","div.doke-ad-card__body","scrollWidth","<= 34","107","75","32","170.08","scrollWidth maior que clientWidth sem overflow controlado","não identificado"
"index.html","608x926","element-horizontal-overflow","a.doke-ad-card__cta","scrollWidth","<= 22","43","23","20","34","scrollWidth maior que clientWidth sem overflow controlado","não identificado"
"index.html","608x926","card-content-leak","div.doke-ad-card__body","bounds","filho dentro do card","vazamento 22.59px","22.59","32","170.08","filho direto vaza do card article.doke-ad-card","assets/css/pages/detalhe-anuncio.css"
"index.html","608x926","card-content-leak","div.doke-ad-card__body","bounds","filho dentro do card","vazamento 22.59px","22.59","32","170.08","filho direto vaza do card article.doke-ad-card","assets/css/pages/detalhe-anuncio.css"
"index.html","608x926","card-content-leak","div.doke-ad-card__body","bounds","filho dentro do card","vazamento 22.59px","22.59","32","170.08","filho direto vaza do card article.doke-ad-card","assets/css/pages/detalhe-anuncio.css"
"index.html","608x926","card-content-leak","div.doke-ad-card__body","bounds","filho dentro do card","vazamento 22.59px","22.59","32","170.08","filho direto vaza do card article.doke-ad-card","assets/css/pages/detalhe-anuncio.css"
"index.html","608x926","card-content-leak","div.doke-ad-card__body","bounds","filho dentro do card","vazamento 22.58px","22.58","32","170.08","filho direto vaza do card article.doke-ad-card","assets/css/pages/detalhe-anuncio.css"
"index.html","608x926","card-content-leak","div.doke-ad-card__body","bounds","filho dentro do card","vazamento 22.58px","22.58","32","170.08","filho direto vaza do card article.doke-ad-card","assets/css/pages/detalhe-anuncio.css"
"index.html","608x926","card-content-leak","div.doke-ad-card__body","bounds","filho dentro do card","vazamento 22.58px","22.58","32","170.08","filho direto vaza do card article.doke-ad-card","assets/css/pages/detalhe-anuncio.css"
"index.html","608x926","card-content-leak","div.doke-ad-card__body","bounds","filho dentro do card","vazamento 22.58px","22.58","32","170.08","filho direto vaza do card article.doke-ad-card","assets/css/pages/detalhe-anuncio.css"
"index.html","608x926","card-content-leak","div.doke-ad-card__body","bounds","filho dentro do card","vazamento 22.58px","22.58","32","170.08","filho direto vaza do card article.doke-ad-card","assets/css/pages/detalhe-anuncio.css"
"index.html","608x926","card-content-leak","div.doke-ad-card__body","bounds","filho dentro do card","vazamento 22.58px","22.58","32","170.08","filho direto vaza do card article.doke-ad-card","assets/css/pages/detalhe-anuncio.css"
"index.html","608x926","card-content-leak","div.doke-ad-card__body","bounds","filho dentro do card","vazamento 22.58px","22.58","32","170.08","filho direto vaza do card article.doke-ad-card","assets/css/pages/detalhe-anuncio.css"
"index.html","608x926","card-content-leak","div.doke-ad-card__body","bounds","filho dentro do card","vazamento 22.58px","22.58","32","170.08","filho direto vaza do card article.doke-ad-card","assets/css/pages/detalhe-anuncio.css"
"detalhe-anuncio.html","608x926","element-horizontal-overflow","div.ad-gallery__stage","scrollWidth","<= 572","573","3","570","316.16","scrollWidth maior que clientWidth sem overflow controlado","não identificado"
"detalhe-anuncio.html","608x926","button-label-wrap","div.doke-reviews-filter-row","line-count","1 linha","2 linhas","1","534","58.81","label quebra indevidamente","não identificado"
"detalhe-anuncio.html","608x926","element-horizontal-overflow","div.detail-related-grid.detail-related-grid--ads.service-grid.service-grid--compact","scrollWidth","<= 574","868","296","572","394.05","scrollWidth maior que clientWidth sem overflow controlado","não identificado"
"detalhe-anuncio.html","810x1080","element-horizontal-overflow","header.app-header.app-header--detail.home-side-meta","scrollWidth","<= 532","786","256","530","96","scrollWidth maior que clientWidth sem overflow controlado","não identificado"
"detalhe-anuncio.html","810x1080","button-label-wrap","div.home-side-meta__profile-wrap","line-count","1 linha","3 linhas","2","136","48","label quebra indevidamente","não identificado"
"detalhe-anuncio.html","810x1080","button-label-wrap","button.home-side-meta__profile","line-count","1 linha","3 linhas","2","136","48","label quebra indevidamente","não identificado"
"detalhe-anuncio.html","810x1080","element-horizontal-overflow","div.ad-gallery__stage","scrollWidth","<= 481","482","3","479.39","469.8","scrollWidth maior que clientWidth sem overflow controlado","não identificado"
"detalhe-anuncio.html","810x1080","text-or-content-clipping","div.ad-gallery__stage","scrollHeight","<= 472","512","42","479.39","469.8","texto/conteúdo cortado sem clamp/ellipsis controlado","não identificado"
"detalhe-anuncio.html","810x1080","element-horizontal-overflow","div.doke-reviews-metrics","scrollWidth","<= 437","443","8","435.39","110","scrollWidth maior que clientWidth sem overflow controlado","não identificado"
"detalhe-anuncio.html","810x1080","element-horizontal-overflow","span.doke-review-metric__copy","scrollWidth","<= 74","79","7","72.17","37","scrollWidth maior que clientWidth sem overflow controlado","não identificado"
"detalhe-anuncio.html","810x1080","element-horizontal-overflow","div.doke-review-metric","scrollWidth","<= 146","152","8","145.13","46","scrollWidth maior que clientWidth sem overflow controlado","não identificado"
"detalhe-anuncio.html","810x1080","element-horizontal-overflow","span.doke-review-metric__copy","scrollWidth","<= 60","79","21","58.22","37","scrollWidth maior que clientWidth sem overflow controlado","não identificado"
"detalhe-anuncio.html","810x1080","element-horizontal-overflow","div.doke-review-metric","scrollWidth","<= 146","153","9","145.13","46","scrollWidth maior que clientWidth sem overflow controlado","não identificado"
"detalhe-anuncio.html","810x1080","element-horizontal-overflow","span.doke-review-metric__copy","scrollWidth","<= 60","80","22","58.22","37","scrollWidth maior que clientWidth sem overflow controlado","não identificado"
"detalhe-anuncio.html","810x1080","button-label-wrap","div.doke-reviews-filter-row","line-count","1 linha","3 linhas","2","435.39","92","label quebra indevidamente","não identificado"
"detalhe-anuncio.html","810x1080","button-label-wrap","div.doke-reviews-filters","line-count","1 linha","2 linhas","1","268.03","92","label quebra indevidamente","não identificado"
"detalhe-anuncio.html","810x1080","element-horizontal-overflow","article.doke-ad-card.doke-ad-card--similar","scrollWidth","<= 222","240","20","221.69","399.23","scrollWidth maior que clientWidth sem overflow controlado","não identificado"
"detalhe-anuncio.html","810x1080","element-horizontal-overflow","div.doke-ad-card__body","scrollWidth","<= 222","240","20","219.69","249.23","scrollWidth maior que clientWidth sem overflow controlado","não identificado"
"detalhe-anuncio.html","810x1080","text-or-content-clipping","div.doke-ad-card__tags","scrollHeight","<= 30","56","28","179.69","28","texto/conteúdo cortado sem clamp/ellipsis controlado","não identificado"
"detalhe-anuncio.html","810x1080","element-horizontal-overflow","span.doke-ad-card__avatar.doke-ad-card__avatar--carlos","scrollWidth","<= 22","27","7","24","24","scrollWidth maior que clientWidth sem overflow controlado","não identificado"
"detalhe-anuncio.html","810x1080","element-horizontal-overflow","div.doke-ad-card__footer","scrollWidth","<= 182","220","40","179.69","53","scrollWidth maior que clientWidth sem overflow controlado","não identificado"
"detalhe-anuncio.html","810x1080","element-horizontal-overflow","article.doke-ad-card.doke-ad-card--similar","scrollWidth","<= 222","237","17","221.7","399.23","scrollWidth maior que clientWidth sem overflow controlado","não identificado"
"detalhe-anuncio.html","810x1080","element-horizontal-overflow","div.doke-ad-card__body","scrollWidth","<= 222","237","17","219.7","249.23","scrollWidth maior que clientWidth sem overflow controlado","não identificado"
"detalhe-anuncio.html","810x1080","element-horizontal-overflow","span.doke-ad-card__avatar.doke-ad-card__avatar--elaine","scrollWidth","<= 22","27","7","24","24","scrollWidth maior que clientWidth sem overflow controlado","não identificado"
"detalhe-anuncio.html","810x1080","element-horizontal-overflow","div.doke-ad-card__footer","scrollWidth","<= 182","217","37","179.7","53","scrollWidth maior que clientWidth sem overflow controlado","não identificado"
"detalhe-anuncio.html","810x1080","element-horizontal-overflow","article.doke-ad-card.doke-ad-card--similar","scrollWidth","<= 222","240","20","221.69","399.23","scrollWidth maior que clientWidth sem overflow controlado","não identificado"
"detalhe-anuncio.html","810x1080","element-horizontal-overflow","div.doke-ad-card__body","scrollWidth","<= 222","240","20","219.69","249.23","scrollWidth maior que clientWidth sem overflow controlado","não identificado"
"detalhe-anuncio.html","810x1080","element-horizontal-overflow","span.doke-ad-card__avatar.doke-ad-card__avatar--marcos","scrollWidth","<= 22","27","7","24","24","scrollWidth maior que clientWidth sem overflow controlado","não identificado"
"detalhe-anuncio.html","810x1080","element-horizontal-overflow","div.doke-ad-card__footer","scrollWidth","<= 182","220","40","179.69","53","scrollWidth maior que clientWidth sem overflow controlado","não identificado"
"detalhe-anuncio.html","810x1080","element-horizontal-overflow","article.doke-ad-card.doke-ad-card--similar","scrollWidth","<= 222","240","20","221.7","399.23","scrollWidth maior que clientWidth sem overflow controlado","não identificado"
"detalhe-anuncio.html","810x1080","element-horizontal-overflow","div.doke-ad-card__body","scrollWidth","<= 222","240","20","219.7","249.23","scrollWidth maior que clientWidth sem overflow controlado","não identificado"
"detalhe-anuncio.html","810x1080","text-or-content-clipping","div.doke-ad-card__tags","scrollHeight","<= 30","56","28","179.7","28","texto/conteúdo cortado sem clamp/ellipsis controlado","não identificado"
"detalhe-anuncio.html","810x1080","element-horizontal-overflow","span.doke-ad-card__avatar.doke-ad-card__avatar--carlos","scrollWidth","<= 22","27","7","24","24","scrollWidth maior que clientWidth sem overflow controlado","não identificado"
"detalhe-anuncio.html","810x1080","element-horizontal-overflow","div.doke-ad-card__footer","scrollWidth","<= 182","220","40","179.7","53","scrollWidth maior que clientWidth sem overflow controlado","não identificado"
"perfil.html","810x1080","button-label-wrap","header.app-header.app-header--profile.home-side-meta","line-count","1 linha","3 linhas","2","530","86","label quebra indevidamente","não identificado"
"perfil.html","810x1080","button-label-wrap","div.home-side-meta__profile-wrap","line-count","1 linha","3 linhas","2","133.27","48","label quebra indevidamente","não identificado"
"perfil.html","810x1080","button-label-wrap","button.home-side-meta__profile","line-count","1 linha","3 linhas","2","133.27","48","label quebra indevidamente","não identificado"
"perfil.html","810x1080","element-horizontal-overflow","span.home-side-meta__identity","scrollWidth","<= 65","66","3","63.27","28.28","scrollWidth maior que clientWidth sem overflow controlado","não identificado"
"pedidos.html","810x1080","button-label-wrap","div.home-side-meta__profile-wrap","line-count","1 linha","3 linhas","2","133.27","48","label quebra indevidamente","não identificado"
"pedidos.html","810x1080","button-label-wrap","button.home-side-meta__profile","line-count","1 linha","3 linhas","2","133.27","48","label quebra indevidamente","não identificado"
"pedidos.html","810x1080","element-horizontal-overflow","span.home-side-meta__identity","scrollWidth","<= 65","66","3","63.27","28.28","scrollWidth maior que clientWidth sem overflow controlado","não identificado"
"mensagens.html","810x1080","button-label-wrap","div.home-side-meta__profile-wrap","line-count","1 linha","3 linhas","2","135.28","48","label quebra indevidamente","não identificado"
"mensagens.html","810x1080","button-label-wrap","button.home-side-meta__profile","line-count","1 linha","3 linhas","2","135.28","48","label quebra indevidamente","não identificado"
"mensagens.html","810x1080","button-label-wrap","button.message-item.doke-message-card.doke-card","line-count","1 linha","3 linhas","2","242.39","88.42","label quebra indevidamente","não identificado"
"mensagens.html","810x1080","button-label-wrap","button.message-item.doke-message-card.doke-card","line-count","1 linha","3 linhas","2","242.39","78","label quebra indevidamente","não identificado"
"notificacoes.html","810x1080","button-label-wrap","div.home-side-meta__profile-wrap","line-count","1 linha","3 linhas","2","133.27","48","label quebra indevidamente","não identificado"
"notificacoes.html","810x1080","button-label-wrap","button.home-side-meta__profile","line-count","1 linha","3 linhas","2","133.27","48","label quebra indevidamente","não identificado"
"notificacoes.html","810x1080","element-horizontal-overflow","span.home-side-meta__identity","scrollWidth","<= 65","66","3","63.27","28.28","scrollWidth maior que clientWidth sem overflow controlado","não identificado"
"comunidade.html","810x1080","button-label-wrap","div.home-side-meta__profile-wrap","line-count","1 linha","3 linhas","2","133.27","48","label quebra indevidamente","não identificado"
"comunidade.html","810x1080","button-label-wrap","button.home-side-meta__profile","line-count","1 linha","3 linhas","2","133.27","48","label quebra indevidamente","não identificado"
"comunidade.html","810x1080","element-horizontal-overflow","span.home-side-meta__identity","scrollWidth","<= 65","66","3","63.27","28.28","scrollWidth maior que clientWidth sem overflow controlado","não identificado"
"comunidade.html","810x1080","button-label-wrap","button.community-card-v2__button.doke-btn.doke-btn--primary.community-card-v2__button--green","line-count","1 linha","2 linhas","1","46.33","48","label quebra indevidamente","não identificado"
"comunidade.html","810x1080","button-label-wrap","button.community-card-v2__button.doke-btn.community-card-v2__button--blue","line-count","1 linha","2 linhas","1","52.73","48","label quebra indevidamente","não identificado"
"comunidade.html","810x1080","button-label-wrap","button.community-card-v2__button.community-card-v2__button--orange.doke-btn","line-count","1 linha","2 linhas","1","52.73","48","label quebra indevidamente","não identificado"
"comunidade.html","810x1080","button-label-wrap","button.doke-btn.communities-empty-v2__button","line-count","1 linha","2 linhas","1","106.23","48","label quebra indevidamente","não identificado"
"comunidade.html","810x1080","button-label-wrap","button.doke-btn.communities-empty-v2__button.communities-empty-v2__button--create","line-count","1 linha","2 linhas","1","106.23","48","label quebra indevidamente","não identificado"
"detalhe-anuncio.html","1024x768","element-horizontal-overflow","header.app-header.app-header--detail.home-side-meta","scrollWidth","<= 746","786","42","744","96","scrollWidth maior que clientWidth sem overflow controlado","não identificado"
"detalhe-anuncio.html","1024x768","button-label-wrap","div.home-side-meta__profile-wrap","line-count","1 linha","3 linhas","2","136","48","label quebra indevidamente","não identificado"
"detalhe-anuncio.html","1024x768","button-label-wrap","button.home-side-meta__profile","line-count","1 linha","3 linhas","2","136","48","label quebra indevidamente","não identificado"
"detalhe-anuncio.html","1024x768","element-horizontal-overflow","div.ad-gallery__stage","scrollWidth","<= 683","684","3","680.55","500","scrollWidth maior que clientWidth sem overflow controlado","não identificado"
"detalhe-anuncio.html","1024x768","text-or-content-clipping","div.ad-gallery__stage","scrollHeight","<= 502","542","42","680.55","500","texto/conteúdo cortado sem clamp/ellipsis controlado","não identificado"
"detalhe-anuncio.html","1024x768","button-label-wrap","div.doke-reviews-filter-row","line-count","1 linha","3 linhas","2","631.42","92","label quebra indevidamente","não identificado"
"detalhe-anuncio.html","1024x768","button-label-wrap","div.doke-reviews-filters","line-count","1 linha","2 linhas","1","464.06","92","label quebra indevidamente","não identificado"
"detalhe-anuncio.html","1024x768","element-horizontal-overflow","span.doke-ad-card__avatar.doke-ad-card__avatar--carlos","scrollWidth","<= 22","27","7","24","24","scrollWidth maior que clientWidth sem overflow controlado","não identificado"
"detalhe-anuncio.html","1024x768","element-horizontal-overflow","span.doke-ad-card__avatar.doke-ad-card__avatar--elaine","scrollWidth","<= 22","27","7","24","24","scrollWidth maior que clientWidth sem overflow controlado","não identificado"
"detalhe-anuncio.html","1024x768","element-horizontal-overflow","span.doke-ad-card__avatar.doke-ad-card__avatar--marcos","scrollWidth","<= 22","27","7","24","24","scrollWidth maior que clientWidth sem overflow controlado","não identificado"
"detalhe-anuncio.html","1024x768","element-horizontal-overflow","span.doke-ad-card__avatar.doke-ad-card__avatar--carlos","scrollWidth","<= 22","27","7","24","24","scrollWidth maior que clientWidth sem overflow controlado","não identificado"
"perfil.html","1024x768","button-label-wrap","header.app-header.app-header--profile.home-side-meta","line-count","1 linha","3 linhas","2","744","86","label quebra indevidamente","não identificado"
"perfil.html","1024x768","button-label-wrap","div.home-side-meta__profile-wrap","line-count","1 linha","3 linhas","2","133.27","48","label quebra indevidamente","não identificado"
"perfil.html","1024x768","button-label-wrap","button.home-side-meta__profile","line-count","1 linha","3 linhas","2","133.27","48","label quebra indevidamente","não identificado"
"perfil.html","1024x768","element-horizontal-overflow","span.home-side-meta__identity","scrollWidth","<= 65","66","3","63.27","28.28","scrollWidth maior que clientWidth sem overflow controlado","não identificado"
"perfil.html","1024x768","element-horizontal-overflow","div.worker-preview__stage","scrollWidth","<= 1002","1024","24","1000","744","scrollWidth maior que clientWidth sem overflow controlado","não identificado"
"perfil.html","1024x768","text-or-content-clipping","div.worker-preview__stage","scrollHeight","<= 746","768","24","1000","744","texto/conteúdo cortado sem clamp/ellipsis controlado","não identificado"
"resultados.html","1024x768","text-or-content-clipping","div.worker-preview__stage","scrollHeight","<= 738","768","32","1024","736","texto/conteúdo cortado sem clamp/ellipsis controlado","não identificado"
"pedidos.html","1024x768","button-label-wrap","div.home-side-meta__profile-wrap","line-count","1 linha","3 linhas","2","133.27","48","label quebra indevidamente","não identificado"
"pedidos.html","1024x768","button-label-wrap","button.home-side-meta__profile","line-count","1 linha","3 linhas","2","133.27","48","label quebra indevidamente","não identificado"
"pedidos.html","1024x768","element-horizontal-overflow","span.home-side-meta__identity","scrollWidth","<= 65","66","3","63.27","28.28","scrollWidth maior que clientWidth sem overflow controlado","não identificado"
"mensagens.html","1024x768","button-label-wrap","div.home-side-meta__profile-wrap","line-count","1 linha","3 linhas","2","135.28","48","label quebra indevidamente","não identificado"
"mensagens.html","1024x768","button-label-wrap","button.home-side-meta__profile","line-count","1 linha","3 linhas","2","135.28","48","label quebra indevidamente","não identificado"
"mensagens.html","1024x768","button-label-wrap","button.message-item.doke-message-card.doke-card","line-count","1 linha","3 linhas","2","311","95.72","label quebra indevidamente","não identificado"
"mensagens.html","1024x768","button-label-wrap","button.message-item.doke-message-card.doke-card","line-count","1 linha","3 linhas","2","311","82","label quebra indevidamente","não identificado"
"notificacoes.html","1024x768","button-label-wrap","div.home-side-meta__profile-wrap","line-count","1 linha","3 linhas","2","133.27","48","label quebra indevidamente","não identificado"
"notificacoes.html","1024x768","button-label-wrap","button.home-side-meta__profile","line-count","1 linha","3 linhas","2","133.27","48","label quebra indevidamente","não identificado"
"notificacoes.html","1024x768","element-horizontal-overflow","span.home-side-meta__identity","scrollWidth","<= 65","66","3","63.27","28.28","scrollWidth maior que clientWidth sem overflow controlado","não identificado"
"comunidade.html","1024x768","button-label-wrap","div.home-side-meta__profile-wrap","line-count","1 linha","3 linhas","2","133.27","48","label quebra indevidamente","não identificado"
"comunidade.html","1024x768","button-label-wrap","button.home-side-meta__profile","line-count","1 linha","3 linhas","2","133.27","48","label quebra indevidamente","não identificado"
"comunidade.html","1024x768","element-horizontal-overflow","span.home-side-meta__identity","scrollWidth","<= 65","66","3","63.27","28.28","scrollWidth maior que clientWidth sem overflow controlado","não identificado"
"index.html","1280x800","button-label-wrap","div.home-side-meta__profile-wrap","line-count","1 linha","3 linhas","2","133.27","48","label quebra indevidamente","não identificado"
"index.html","1280x800","button-label-wrap","button.home-side-meta__profile","line-count","1 linha","3 linhas","2","133.27","48","label quebra indevidamente","não identificado"
"detalhe-anuncio.html","1280x800","button-label-wrap","div.home-side-meta__profile-wrap","line-count","1 linha","3 linhas","2","133.27","48","label quebra indevidamente","não identificado"
"detalhe-anuncio.html","1280x800","button-label-wrap","button.home-side-meta__profile","line-count","1 linha","3 linhas","2","133.27","48","label quebra indevidamente","não identificado"
"detalhe-anuncio.html","1280x800","element-horizontal-overflow","span.home-side-meta__identity","scrollWidth","<= 65","66","3","63.27","28.28","scrollWidth maior que clientWidth sem overflow controlado","não identificado"
"detalhe-anuncio.html","1280x800","element-horizontal-overflow","div.ad-gallery__stage","scrollWidth","<= 776","778","4","773.66","435.19","scrollWidth maior que clientWidth sem overflow controlado","não identificado"
"detalhe-anuncio.html","1280x800","text-or-content-clipping","div.ad-gallery__stage","scrollHeight","<= 437","477","42","773.66","435.19","texto/conteúdo cortado sem clamp/ellipsis controlado","não identificado"
"detalhe-anuncio.html","1280x800","element-horizontal-overflow","span.doke-review-metric__copy","scrollWidth","<= 68","79","13","66.09","37","scrollWidth maior que clientWidth sem overflow controlado","não identificado"
"detalhe-anuncio.html","1280x800","element-horizontal-overflow","span.doke-review-metric__copy","scrollWidth","<= 68","80","14","66.09","37","scrollWidth maior que clientWidth sem overflow controlado","não identificado"
"detalhe-anuncio.html","1280x800","button-label-wrap","div.doke-reviews-filter-row","line-count","1 linha","3 linhas","2","504.09","92","label quebra indevidamente","não identificado"
"detalhe-anuncio.html","1280x800","button-label-wrap","div.doke-reviews-filters","line-count","1 linha","2 linhas","1","336.73","92","label quebra indevidamente","não identificado"
"detalhe-anuncio.html","1280x800","element-horizontal-overflow","span.doke-ad-card__avatar.doke-ad-card__avatar--carlos","scrollWidth","<= 22","27","7","24","24","scrollWidth maior que clientWidth sem overflow controlado","não identificado"
"detalhe-anuncio.html","1280x800","element-horizontal-overflow","span.doke-ad-card__avatar.doke-ad-card__avatar--elaine","scrollWidth","<= 22","27","7","24","24","scrollWidth maior que clientWidth sem overflow controlado","não identificado"
"detalhe-anuncio.html","1280x800","element-horizontal-overflow","span.doke-ad-card__avatar.doke-ad-card__avatar--marcos","scrollWidth","<= 22","27","7","24","24","scrollWidth maior que clientWidth sem overflow controlado","não identificado"
"detalhe-anuncio.html","1280x800","element-horizontal-overflow","span.doke-ad-card__avatar.doke-ad-card__avatar--carlos","scrollWidth","<= 22","27","7","24","24","scrollWidth maior que clientWidth sem overflow controlado","não identificado"
"perfil.html","1280x800","button-label-wrap","header.app-header.app-header--profile.home-side-meta","line-count","1 linha","3 linhas","2","1000","96","label quebra indevidamente","não identificado"
"perfil.html","1280x800","button-label-wrap","div.home-side-meta__profile-wrap","line-count","1 linha","3 linhas","2","133.27","48","label quebra indevidamente","não identificado"
"perfil.html","1280x800","button-label-wrap","button.home-side-meta__profile","line-count","1 linha","3 linhas","2","133.27","48","label quebra indevidamente","não identificado"
"perfil.html","1280x800","element-horizontal-overflow","div.worker-preview__stage","scrollWidth","<= 1258","1280","24","1256","776","scrollWidth maior que clientWidth sem overflow controlado","não identificado"
"perfil.html","1280x800","text-or-content-clipping","div.worker-preview__stage","scrollHeight","<= 778","800","24","1256","776","texto/conteúdo cortado sem clamp/ellipsis controlado","não identificado"
"resultados.html","1280x800","text-or-content-clipping","div.worker-preview__stage","scrollHeight","<= 770","800","32","1280","768","texto/conteúdo cortado sem clamp/ellipsis controlado","não identificado"
"pedidos.html","1280x800","button-label-wrap","div.home-side-meta__profile-wrap","line-count","1 linha","3 linhas","2","133.27","48","label quebra indevidamente","não identificado"
"pedidos.html","1280x800","button-label-wrap","button.home-side-meta__profile","line-count","1 linha","3 linhas","2","133.27","48","label quebra indevidamente","não identificado"
"pedidos.html","1280x800","button-label-wrap","button.order-card__button.order-card__button--primary.doke-btn.doke-btn--primary","line-count","1 linha","2 linhas","1","109.47","42","label quebra indevidamente","não identificado"
"pedidos.html","1280x800","button-label-wrap","button.order-card__button.order-card__button--secondary.doke-btn.doke-btn--ghost","line-count","1 linha","2 linhas","1","94.53","42","label quebra indevidamente","não identificado"
"pedidos.html","1280x800","button-label-wrap","button.order-card__button.order-card__button--primary.doke-btn.doke-btn--primary","line-count","1 linha","2 linhas","1","109.47","42","label quebra indevidamente","não identificado"
"pedidos.html","1280x800","button-label-wrap","button.order-card__button.order-card__button--secondary.doke-btn.doke-btn--ghost","line-count","1 linha","2 linhas","1","94.53","42","label quebra indevidamente","não identificado"
"pedidos.html","1280x800","button-label-wrap","button.order-card__button.order-card__button--primary.doke-btn.doke-btn--primary","line-count","1 linha","2 linhas","1","109.47","42","label quebra indevidamente","não identificado"
"pedidos.html","1280x800","button-label-wrap","button.order-card__button.order-card__button--secondary.doke-btn.doke-btn--ghost","line-count","1 linha","2 linhas","1","94.53","42","label quebra indevidamente","não identificado"
"mensagens.html","1280x800","button-label-wrap","div.home-side-meta__profile-wrap","line-count","1 linha","3 linhas","2","141.28","54","label quebra indevidamente","não identificado"
"mensagens.html","1280x800","button-label-wrap","button.home-side-meta__profile","line-count","1 linha","3 linhas","2","141.28","54","label quebra indevidamente","não identificado"
"mensagens.html","1280x800","button-label-wrap","button.message-item.doke-message-card.doke-card","line-count","1 linha","3 linhas","2","311","95.72","label quebra indevidamente","não identificado"
"mensagens.html","1280x800","button-label-wrap","button.message-item.doke-message-card.doke-card","line-count","1 linha","3 linhas","2","311","82","label quebra indevidamente","não identificado"
"notificacoes.html","1280x800","button-label-wrap","div.home-side-meta__profile-wrap","line-count","1 linha","3 linhas","2","133.27","48","label quebra indevidamente","não identificado"
"notificacoes.html","1280x800","button-label-wrap","button.home-side-meta__profile","line-count","1 linha","3 linhas","2","133.27","48","label quebra indevidamente","não identificado"
"comunidade.html","1280x800","button-label-wrap","div.home-side-meta__profile-wrap","line-count","1 linha","3 linhas","2","133.27","48","label quebra indevidamente","não identificado"
"comunidade.html","1280x800","button-label-wrap","button.home-side-meta__profile","line-count","1 linha","3 linhas","2","133.27","48","label quebra indevidamente","não identificado"